,POSITION,HEIGHT,WEIGHT,PLAYER,AGE,Injury Status,INJURY COUNT,GAMES MISSED,INJURY TYPE,TEAM
0,LW,"6'2""",214,Abdelkader Justin,32,Injured,1.0,11.0,Leg,Detroit
1,LW,"5'11""",196,Aberg Pontus,25,Injured,1.0,8.0,Lower body,Minnesota
2,RW,"5'9""",171,Abramov Vitaly,21,Not Injured,,,,
3,C,"5'10""",205,Acciari Noel,27,Not Injured,,,,
4,LW,"6'0""",199,Agostino Kenny,27,Not Injured,,,,
5,LW,"5'10""",187,Agozzino Andrew,28,Not Injured,,,,
6,C,"6'0""",176,Aho Sebastian,21,Not Injured,,,,
7,D,"6'1""",179,Allard Frederic,21,Not Injured,,,,
8,G,"6'2""",203,Allen Jake,28,Not Injured,,,,
9,D,"6'4""",201,Alt Mark,27,Not Injured,,,,
10,D,"6'3""",219,Alzner Karl,30,Not Injured,,,,
11,C,"6'1""",205,Amadio Michael,23,Not Injured,,,,
12,D,"6'2""",205,Amorosa Terrance,24,Not Injured,,,,
13,G,"6'4""",230,Andersen Frederik,29,Injured,2.0,6.0,Groin,Toronto
14,G,"6'4""",230,Andersen Frederik,29,Injured,2.0,1.0,Knee,Toronto
15,G,"6'2""",185,Anderson Craig,38,Injured,2.0,11.0,Concussion,Ottawa
16,G,"6'2""",185,Anderson Craig,38,Injured,2.0,3.0,Eye,Ottawa
17,RW,"5'11""",190,Anderson Joey,21,Injured,1.0,33.0,Ankle,New Jersey
18,RW,"6'3""",221,Anderson Josh,25,Not Injured,,,,
19,C,"5'11""",191,Anderson-Dolan Jaret,19,Not Injured,,,,
20,C,"5'11""",198,Andersson Lias,20,Not Injured,,,,
21,D,"6'1""",214,Andersson Rasmus,22,Not Injured,,,,
22,LW,"6'1""",203,Andreoff Andy,28,Not Injured,,,,
23,RW,"5'10""",188,Andrighetto Sven,26,Injured,1.0,6.0,Lower body,Colorado
24,C,"6'5""",210,Angello Anthony,23,Not Injured,,,,
25,C,"6'4""",198,Anisimov Artem,31,Injured,1.0,4.0,Concussion,Chicago
26,D,"5'11""",175,Antipin Victor,26,Not Injured,,,,
27,C,"6'2""",193,Appleton Mason,23,Not Injured,,,,
28,LW,"5'11""",176,Archambault Oliver,26,Not Injured,,,,
29,RW,"6'3""",212,Archibald Darren,29,Not Injured,,,,
30,RW,"5'10""",176,Archibald Josh,26,Injured,1.0,4.0,Upper body,Arizona/Phoenix
31,RW,"6'4""",210,Armia Joel,26,Injured,1.0,25.0,Knee,Montreal
32,RW,"5'9""",180,Arvidsson Viktor,26,Injured,2.0,3.0,Lower body,Nashville
33,RW,"5'9""",180,Arvidsson Viktor,26,Injured,2.0,21.0,Thumb,Nashville
34,C,"6'0""",204,Aston-Reese Zachary,24,Not Injured,,,,
35,C,"6'2""",177,Athanasiou Andreas,24,Injured,1.0,2.0,Upper body,Detroit
36,RW,"5'8""",179,Atkinson Cam,30,Injured,1.0,1.0,Facial,Columbus
37,RW,"5'11""",196,Aube-Kubel Nicolas,23,Not Injured,,,,
38,D,"5'11""",187,Auvitu Yohann,29,Not Injured,,,,
39,G,"5'10""",183,Bachman Richard,31,Not Injured,,,,
40,RW,"6'3""",215,Backes David,35,Injured,1.0,5.0,Upper body,Boston
41,C,"6'0""",200,Backlund Mikael,30,Injured,1.0,4.0,Concussion,Calgary
42,C,"6'1""",210,Backstrom Nicklas,31,Not Injured,,,,
43,LW,"5'11""",190,Baertschi Sven,26,Injured,2.0,23.0,Concussion,Vancouver
44,LW,"5'11""",190,Baertschi Sven,26,Injured,2.0,30.0,Concussion,Vancouver
45,RW,"6'1""",212,Bailey Josh,29,Not Injured,,,,
46,RW,"6'4""",214,Bailey Justin,24,Not Injured,,,,
47,C,"6'2""",198,Bakos Martin,29,Not Injured,,,,
48,LW,"5'11""",175,Balcers Rudolfs,22,Not Injured,,,,
49,LW,"5'11""",185,Bancks Carter,29,Not Injured,,,,
50,RW,"6'1""",205,Baptiste Nicholas,23,Not Injured,,,,
51,C,"6'0""",187,Barbashev Ivan,23,Not Injured,,,,
52,D,"6'1""",200,Barberio Mark,29,Injured,2.0,8.0,Head,Colorado
53,D,"6'1""",200,Barberio Mark,29,Injured,2.0,19.0,Upper body,Colorado
54,C,"6'3""",213,Barkov Aleksander,23,Not Injured,,,,
55,C,"5'10""",165,Barre-Boulet Alex,22,Not Injured,,,,
56,D,"5'10""",190,Barrie Tyson,27,Injured,1.0,4.0,Lower body,Colorado
57,D,"6'1""",196,Bartkowski Matt,31,Not Injured,,,,
58,C,"6'0""",187,Barzal Mathew,22,Not Injured,,,,
59,RW,"6'4""",207,Bastian Nathan,21,Injured,1.0,14.0,Upper body,New Jersey
60,RW,"6'1""",187,Batherson Drake,21,Not Injured,,,,
61,D,"6'1""",195,Bayreuther Gavin,25,Not Injured,,,,
62,C,"6'3""",210,Beagle Jay,33,Injured,1.0,24.0,Arm,Vancouver
63,D,"6'1""",173,Bean Jake,21,Not Injured,,,,
64,D,"5'11""",198,Bear Ethan,22,Not Injured,,,,
65,D,"6'2""",200,Beaulieu Nathan,26,Injured,1.0,4.0,Upper body,Buffalo
66,LW,"5'11""",182,Beauvillier Anthony,22,Not Injured,,,,
67,LW,"6'0""",203,Beleskey Matt,31,Not Injured,,,,
68,C,"6'0""",198,Bellemare Pierre-Edouard,34,Not Injured,,,,
69,D,"5'11""",193,Belpedio Louie,23,Not Injured,,,,
70,D,"5'11""",172,Bengtsson Lukas,25,Not Injured,,,,
71,LW,"6'2""",205,Benn Jamie,29,Injured,2.0,1.0,Upper body,Dallas
72,LW,"6'2""",205,Benn Jamie,29,Injured,2.0,2.0,Upper body,Dallas
73,D,"6'2""",199,Benn Jordie,31,Not Injured,,,,
74,C,"6'1""",195,Bennett Sam,23,Injured,2.0,2.0,Upper body,Calgary
75,C,"6'1""",195,Bennett Sam,23,Injured,2.0,5.0,Upper body,Calgary
76,D,"6'1""",203,Benning Matt,25,Injured,1.0,4.0,Upper body,Edmonton
77,D,"6'3""",189,Benoit Simon,20,Not Injured,,,,
78,C,"6'1""",195,Bergeron Patrice,33,Injured,1.0,16.0,Sternoclavicular,Boston
79,LW,"6'4""",219,Berglund Patrik,31,Injured,1.0,5.0,Upper body,Buffalo
80,G,"6'0""",184,Bernier Jonathan,30,Injured,1.0,4.0,Upper body,Detroit
81,LW,"6'0""",190,Bertuzzi Tyler,24,Injured,1.0,7.0,Upper body,Detroit
82,G,"6'1""",176,Berube Jean-Francois,27,Not Injured,,,,
83,G,"6'3""",205,Bibeau Antoine,25,Not Injured,,,,
84,D,"5'10""",199,Biega Alex,31,Not Injured,,,,
85,D,"6'1""",197,Bieksa Kevin,38,Not Injured,,,,
86,G,"6'1""",174,Binnington Jordan,25,Not Injured,,,,
87,D,"6'0""",197,Bischoff Jake,24,Not Injured,,,,
88,G,"6'7""",215,Bishop Ben,32,Injured,4.0,2.0,Lower body,Dallas
89,G,"6'7""",215,Bishop Ben,32,Injured,4.0,4.0,Lower body,Dallas
90,G,"6'7""",215,Bishop Ben,32,Injured,4.0,5.0,Lower body,Dallas
91,G,"6'7""",215,Bishop Ben,32,Injured,4.0,6.0,Upper body,Dallas
92,C,"6'1""",199,Bishop Clark,23,Injured,1.0,8.0,Lower body,Carolina
93,D,"6'1""",210,Bitetto Anthony,28,Not Injured,,,,
94,LW,"6'0""",186,Bjork Anders,22,Not Injured,,,,
95,RW,"6'0""",177,Bjorkstrand Oliver,24,Not Injured,,,,
96,C,"6'6""",215,Bjugstad Nick,26,Injured,1.0,16.0,Upper body,Florida
97,C,"5'9""",190,Blackwell Colin,26,Not Injured,,,,
98,G,"6'4""",225,Blackwood Mackenzie,22,Injured,1.0,3.0,Lower body,New Jersey
99,LW,"6'2""",205,Blais Sammy,23,Injured,1.0,13.0,Lower body,St. Louis
100,LW,"6'0""",182,Blandisi Joseph,24,Not Injured,,,,
101,LW,"6'0""",201,Blidh Anton,24,Not Injured,,,,
102,LW,"6'0""",185,Blueger Teddy,24,Not Injured,,,,
103,G,"6'2""",182,Bobrovsky Sergei,30,Injured,1.0,1.0,Upper body,Columbus
104,LW,"6'0""",210,Boedker Mikkel,29,Injured,1.0,7.0,Mid-body,Ottawa
105,G,"6'3""",225,Boes Corbin,25,Not Injured,,,,
106,RW,"6'1""",208,Boeser Brock,22,Injured,2.0,2.0,Groin,Vancouver
107,RW,"6'1""",208,Boeser Brock,22,Injured,2.0,11.0,Groin,Vancouver
108,D,"6'3""",221,Bogosian Zach,28,Injured,5.0,1.0,Lower body,Buffalo
109,D,"6'3""",221,Bogosian Zach,28,Injured,5.0,2.0,Lower body,Buffalo
110,D,"6'3""",221,Bogosian Zach,28,Injured,5.0,5.0,Lower body,Buffalo
111,D,"6'3""",221,Bogosian Zach,28,Injured,5.0,8.0,Lower body,Buffalo
112,D,"6'3""",221,Bogosian Zach,28,Injured,5.0,1.0,Upper body,Buffalo
113,RW,"6'3""",206,Boll Jared,33,Not Injured,,,,
114,C,"6'1""",196,Bonino Nick,31,Not Injured,,,,
115,LW,"6'0""",212,Booth David,34,Not Injured,,,,
116,D,"6'2""",199,Borgen Will,22,Not Injured,,,,
117,C,"6'3""",190,Borgstrom Henrik,21,Not Injured,,,,
118,D,"6'1""",207,Borowiecki Mark,29,Injured,5.0,6.0,Foot,Ottawa
119,D,"6'1""",207,Borowiecki Mark,29,Injured,5.0,12.0,Hand,Ottawa
120,D,"6'1""",207,Borowiecki Mark,29,Injured,5.0,1.0,Lower body,Ottawa
121,D,"6'1""",207,Borowiecki Mark,29,Injured,5.0,1.0,Upper body,Ottawa
122,D,"6'1""",207,Borowiecki Mark,29,Injured,5.0,4.0,Upper body,Ottawa
123,D,"6'4""",216,Bortuzzo Robert,30,Injured,2.0,1.0,Lower body,St. Louis
124,D,"6'4""",216,Bortuzzo Robert,30,Injured,2.0,16.0,Lower body,St. Louis
125,D,"6'2""",192,Bouchard Evan,19,Not Injured,,,,
126,LW,"5'10""",195,Boucher Reid,25,Not Injured,,,,
127,LW,"5'10""",170,Bourke Troy,25,Not Injured,,,,
128,LW,"5'11""",195,Bournival Michael,27,Not Injured,,,,
129,LW,"5'10""",206,Bourque Gabriel,28,Not Injured,,,,
130,G,"6'3""",187,Bouthillier Zachary,19,Not Injured,,,,
131,D,"6'4""",206,Bouwmeester Jay,35,Injured,1.0,3.0,Hip,St. Louis
132,G,"6'4""",210,Bow Landon,23,Not Injured,,,,
133,D,"6'2""",198,Bowey Madison,24,Not Injured,,,,
134,D,"6'2""",227,Boychuk Johnny,35,Injured,1.0,2.0,Concussion,NY Islanders
135,C,"5'11""",185,Boyd Travis,25,Injured,1.0,12.0,Lower body,Washington
136,C,"6'6""",245,Boyle Brian,34,Injured,2.0,1.0,Lower body,Nashville
137,C,"6'6""",245,Boyle Brian,34,Injured,2.0,5.0,Upper body,New Jersey
138,G,"6'1""",197,Boyle Kevin,27,Not Injured,,,,
139,C,"6'1""",199,Bozak Tyler,33,Injured,1.0,9.0,Concussion,St. Louis
140,C,"5'11""",181,Bracco Jeremy,22,Not Injured,,,,
141,C,"6'0""",200,Bradley Matthew,22,Not Injured,,,,
142,D,"5'10""",179,Brannstrom Erik,19,Not Injured,,,,
143,C,"6'1""",202,Brassard Derick,31,Injured,3.0,1.0,Upper body,Florida
144,C,"6'1""",202,Brassard Derick,31,Injured,3.0,9.0,Lower body,Pittsburgh
145,C,"6'1""",202,Brassard Derick,31,Injured,3.0,1.0,Upper body,Pittsburgh
146,C,"6'1""",207,Brassart Brady,26,Not Injured,,,,
147,LW,"5'10""",175,Bratt Jesper,20,Injured,3.0,13.0,Jaw,New Jersey
148,LW,"5'10""",175,Bratt Jesper,20,Injured,3.0,2.0,Lower body,New Jersey
149,LW,"5'10""",175,Bratt Jesper,20,Injured,3.0,15.0,Lower body,New Jersey
150,D,"6'2""",205,Braun Justin,32,Injured,1.0,4.0,Knee,San Jose
151,D,"6'7""",224,Breen Chris,30,Not Injured,,,,
152,RW,"6'0""",203,Brickley Connor,27,Not Injured,,,,
153,D,"6'3""",205,Brickley Daniel,24,Not Injured,,,,
154,D,"6'2""",175,Brisebois Guillaume,21,Injured,1.0,7.0,Hip,Vancouver
155,C,"6'0""",178,Broadhurst Alex,26,Not Injured,,,,
156,D,"6'1""",185,Brodie T.J.,29,Not Injured,,,,
157,D,"6'1""",198,Brodin Jonas,25,Not Injured,,,,
158,C,"6'2""",205,Brodziak Kyle,35,Not Injured,,,,
159,RW,"6'1""",208,Brodzinski Jonny,26,Injured,1.0,59.0,Shoulder,Los Angeles
160,C,"5'11""",180,Brooks Adam,23,Not Injured,,,,
161,G,"6'3""",204,Brossoit Laurent,26,Injured,1.0,8.0,Lower body,Winnipeg/Atlanta
162,RW,"6'3""",213,Brouwer Troy,33,Not Injured,,,,
163,RW,"6'0""",183,Brown Connor,25,Not Injured,,,,
164,RW,"6'0""",210,Brown Dustin,34,Injured,1.0,10.0,Finger,Los Angeles
165,RW,"5'10""",166,Brown J.T.,29,Not Injured,,,,
166,D,"6'5""",225,Brown Joshua,25,Not Injured,,,,
167,C,"6'6""",220,Brown Logan,21,Not Injured,,,,
168,C,"6'1""",210,Brown Patrick,27,Not Injured,,,,
169,D,"6'5""",225,Brown-DUP Josh,25,Not Injured,,,,
170,D,"5'9""",175,Bryson Jacob,21,Not Injured,,,,
171,RW,"6'3""",196,Buchnevich Pavel,24,Injured,2.0,1.0,Concussion,NY Rangers
172,RW,"6'3""",196,Buchnevich Pavel,24,Injured,2.0,13.0,Thumb,NY Rangers
173,G,"6'1""",196,Budaj Peter,36,Not Injured,,,,
174,LW,"5'11""",196,Bunting Michael,23,Not Injured,,,,
175,LW,"6'3""",201,Burakovsky Andre,24,Not Injured,,,,
176,D,"6'1""",207,Burgdoerfer Erik,30,Not Injured,,,,
177,D,"6'5""",230,Burns Brent,34,Not Injured,,,,
178,RW,"6'1""",197,Burrows Alexandre,38,Not Injured,,,,
179,D,"5'10""",190,Butcher Will,24,Injured,1.0,1.0,Lower body,New Jersey
180,D,"6'1""",196,Butler Chris,32,Not Injured,,,,
181,D,"6'5""",4,Byfuglien Dustin,34,Injured,4.0,19.0,Ankle,Winnipeg/Atlanta
182,D,"6'5""",4,Byfuglien Dustin,34,Injured,4.0,4.0,Concussion,Winnipeg/Atlanta
183,D,"6'5""",4,Byfuglien Dustin,34,Injured,4.0,15.0,Leg,Winnipeg/Atlanta
184,D,"6'5""",4,Byfuglien Dustin,34,Injured,4.0,2.0,Upper body,Winnipeg/Atlanta
185,RW,"5'9""",163,Byron Paul,30,Injured,4.0,6.0,Arm,Montreal
186,RW,"5'9""",163,Byron Paul,30,Injured,4.0,14.0,Lower body,Montreal
187,RW,"5'9""",163,Byron Paul,30,Injured,4.0,2.0,Upper body,Montreal
188,RW,"5'9""",163,Byron Paul,30,Injured,4.0,1.0,Wrist,Montreal
189,RW,"6'2""",190,Caamano Nicholas,20,Not Injured,,,,
190,C,"5'10""",176,Caggiula Drake,25,Injured,3.0,13.0,Concussion,Chicago
191,C,"5'10""",176,Caggiula Drake,25,Injured,3.0,4.0,Hand,Edmonton
192,C,"5'10""",176,Caggiula Drake,25,Injured,3.0,3.0,Lower body,Edmonton
193,RW,"6'0""",200,Calderone Tony,20,Not Injured,,,,
194,RW,"5'10""",187,Callahan Ryan,34,Injured,2.0,4.0,Shoulder,Tampa Bay
195,RW,"5'10""",187,Callahan Ryan,34,Injured,2.0,2.0,Upper body,Tampa Bay
196,LW,"5'11""",186,Calvert Matt,29,Not Injured,,,,
197,LW,"5'9""",185,Cammalleri Michael,37,Not Injured,,,,
198,G,"6'2""",197,Campbell Jack,27,Injured,1.0,23.0,Knee,Los Angeles
199,G,"6'1""",205,Cannata Joe,29,Not Injured,,,,
200,D,"6'1""",196,Capobianco Kyle,21,Injured,1.0,28.0,Lower body,Arizona/Phoenix
201,C,"6'1""",200,Carey Paul,30,Not Injured,,,,
202,D,"6'5""",212,Carlo Brandon,22,Injured,1.0,9.0,Upper body,Boston
203,D,"6'3""",218,Carlson John,29,Injured,1.0,1.0,Lower body,Washington
204,D,"6'5""",192,Carlsson Gabriel,22,Not Injured,,,,
205,C,"6'0""",200,Carpenter Ryan,28,Injured,1.0,8.0,Upper body,Vegas
206,LW,"6'0""",191,Carr Daniel,27,Not Injured,,,,
207,D,"5'11""",192,Carrick Connor,25,Injured,1.0,27.0,Foot,Dallas
208,C,"6'0""",188,Carrick Sam,25,Not Injured,,,,
209,D,"5'11""",174,Carrier Alexander,22,Not Injured,,,,
210,LW,"6'2""",212,Carrier William,24,Injured,1.0,14.0,Upper body,Vegas
211,C,"6'3""",219,Carter Jeff,34,Injured,2.0,5.0,Lower body,Los Angeles
212,C,"6'3""",219,Carter Jeff,34,Injured,2.0,1.0,Upper body,Los Angeles
213,C,"6'1""",200,Cave Colby,24,Not Injured,,,,
214,D,"6'2""",209,Ceci Cody,25,Injured,2.0,3.0,Upper body,Ottawa
215,D,"6'2""",209,Ceci Cody,25,Injured,2.0,4.0,Upper body,Ottawa
216,LW,"6'2""",202,Cehlarik Peter,23,Injured,1.0,2.0,Lower body,Boston
217,D,"6'4""",225,Cernak Erik,22,Injured,1.0,2.0,Lower body,Tampa Bay
218,D,"6'2""",196,Chabot Thomas,22,Injured,2.0,4.0,Toe,Ottawa
219,D,"6'2""",196,Chabot Thomas,22,Injured,2.0,8.0,Upper body,Ottawa
220,D,"6'1""",194,Chainey Jocktan,19,Not Injured,,,,
221,C,"6'2""",199,Chaput Michael,27,Not Injured,,,,
222,D,"6'9""",250,Chara Zdeno,42,Injured,1.0,19.0,Knee,Boston
223,C,"5'11""",190,Chartier Rourke,23,Not Injured,,,,
224,D,"6'0""",180,Chatfield Jalen,23,Not Injured,,,,
225,D,"6'2""",185,Chelios Jake,28,Not Injured,,,,
226,D,"6'3""",219,Chiarot Ben,28,Injured,1.0,4.0,Lower body,Winnipeg/Atlanta
227,RW,"6'4""",208,Chiasson Alex,28,Injured,1.0,3.0,Knee,Edmonton
228,RW,"6'3""",215,Chimera Jason,40,Not Injured,,,,
229,C,"6'1""",196,Chlapik Filip,22,Not Injured,,,,
230,D,"6'1""",165,Cholowski Dennis,21,Injured,1.0,2.0,Upper body,Detroit
231,D,"6'0""",193,Chorney Taylor,32,Not Injured,,,,
232,D,"6'2""",210,Chychrun Jakob,21,Injured,3.0,16.0,Knee,Arizona/Phoenix
233,D,"6'2""",210,Chychrun Jakob,21,Injured,3.0,4.0,Lower body,Arizona/Phoenix
234,D,"6'2""",210,Chychrun Jakob,21,Injured,3.0,2.0,Upper body,Arizona/Phoenix
235,C,"6'2""",208,Chytil Filip,19,Not Injured,,,,
236,C,"6'0""",180,Cirelli Anthony,21,Not Injured,,,,
237,C,"5'11""",195,Cizikas Casey,28,Injured,3.0,1.0,Lower body,NY Islanders
238,C,"5'11""",195,Cizikas Casey,28,Injured,3.0,2.0,Lower body,NY Islanders
239,C,"5'11""",195,Cizikas Casey,28,Injured,3.0,6.0,Lower body,NY Islanders
240,D,"6'1""",196,Claesson Fredrik,26,Injured,2.0,13.0,Shoulder,NY Rangers
241,D,"6'1""",196,Claesson Fredrik,26,Injured,2.0,9.0,Upper body,NY Rangers
242,LW,"5'10""",180,Clark Emerson,26,Not Injured,,,,
243,D,"6'0""",196,Clendening Adam,26,Not Injured,,,,
244,LW,"6'2""",211,Clifford Kyle,28,Injured,1.0,7.0,Upper body,Los Angeles
245,D,"5'11""",175,Clifton Connor,24,Not Injured,,,,
246,LW,"5'10""",207,Clune Richard,32,Not Injured,,,,
247,RW,"5'11""",216,Clutterbuck Cal,31,Injured,3.0,1.0,Lower body,NY Islanders
248,RW,"5'11""",216,Clutterbuck Cal,31,Injured,3.0,2.0,Upper body,NY Islanders
249,RW,"5'11""",216,Clutterbuck Cal,31,Injured,3.0,3.0,Upper body,NY Islanders
250,D,"6'5""",223,Coburn Braydon,34,Injured,1.0,1.0,Upper body,Tampa Bay
251,C,"5'10""",177,Cogliano Andrew,32,Injured,1.0,3.0,Upper body,Dallas
252,D,"6'1""",219,Cole Ian,30,Injured,1.0,11.0,Orbital bone,Colorado
253,C,"5'11""",200,Coleman Blake,27,Injured,1.0,4.0,Upper body,New Jersey
254,LW,"6'0""",190,Colton Ross,22,Not Injured,,,,
255,LW,"6'1""",200,Comeau Blake,33,Injured,1.0,3.0,Upper body,Dallas
256,LW,"6'0""",193,Compher J.T.,24,Injured,1.0,16.0,Concussion,Colorado
257,G,"6'1""",180,Comrie Eric,23,Not Injured,,,,
258,LW,"6'2""",205,Comtois Maxime,20,Injured,1.0,14.0,Lower body,Anaheim
259,C,"5'8""",180,Conacher Cory,29,Not Injured,,,,
260,G,"6'2""",197,Condon Mike,29,Not Injured,,,,
261,RW,"5'11""",188,Condra Erik,32,Not Injured,,,,
262,D,"6'2""",205,Connauton Kevin,29,Injured,2.0,1.0,Lower body,Arizona/Phoenix
263,D,"6'2""",205,Connauton Kevin,29,Injured,2.0,5.0,Lower body,Arizona/Phoenix
264,RW,"6'3""",195,Connolly Brett,27,Not Injured,,,,
265,LW,"6'1""",182,Connor Kyle,22,Not Injured,,,,
266,D,"5'10""",196,Cooper Brian,25,Not Injured,,,,
267,G,"6'4""",200,Copley Pheonix,27,Not Injured,,,,
268,C,"6'1""",206,Copp Andrew,24,Injured,1.0,3.0,Concussion,Winnipeg/Atlanta
269,G,"6'6""",220,Coreau Jared,27,Not Injured,,,,
270,C,"6'2""",198,Cornel Eric,23,Not Injured,,,,
271,C,"5'11""",185,Cousins Nick,25,Not Injured,,,,
272,C,"6'1""",200,Couture Logan,30,Not Injured,,,,
273,C,"6'3""",211,Couturier Sean,26,Injured,1.0,2.0,Lower body,Philadelphia
274,C,"6'3""",200,Coyle Charlie,27,Not Injured,,,,
275,RW,"6'2""",218,Cracknell Adam,33,Not Injured,,,,
276,C,"6'0""",192,Cramarossa Joseph,26,Not Injured,,,,
277,G,"6'2""",216,Crawford Corey,34,Injured,3.0,5.0,Concussion,Chicago
278,G,"6'2""",216,Crawford Corey,34,Injured,3.0,28.0,Concussion,Chicago
279,G,"6'2""",216,Crawford Corey,34,Injured,3.0,1.0,Groin,Chicago
280,C,"5'11""",200,Crosby Sidney,31,Injured,1.0,3.0,Upper body,Pittsburgh
281,D,"6'3""",205,Cross Tommy,29,Not Injured,,,,
282,LW,"6'4""",220,Crouse Lawson,22,Not Injured,,,,
283,C,"6'1""",202,Cullen Matt,42,Injured,1.0,11.0,Lower body,Pittsburgh
284,RW,"5'10""",172,Currie Josh,26,Not Injured,,,,
285,C,"5'9""",170,Czarnik Austin,26,Not Injured,,,,
286,G,"6'2""",209,D'Orio Alex,20,Not Injured,,,,
287,G,"6'3""",205,Daccord Joey,22,Not Injured,,,,
288,RW,"5'11""",185,Dadonov Evgenii,30,Not Injured,,,,
289,C,"5'11""",176,Dahlen Jonathan,21,Not Injured,,,,
290,D,"6'3""",186,Dahlin Rasmus,19,Not Injured,,,,
291,D,"6'4""",231,Dahlstrom Carl,24,Not Injured,,,,
292,LW,"6'3""",204,Dal Colle Michael,23,Not Injured,,,,
293,D,"5'11""",195,Daley Trevor,35,Injured,5.0,2.0,Back,Detroit
294,D,"5'11""",195,Daley Trevor,35,Injured,5.0,11.0,Back,Detroit
295,D,"5'11""",195,Daley Trevor,35,Injured,5.0,16.0,Foot,Detroit
296,D,"5'11""",195,Daley Trevor,35,Injured,5.0,5.0,Lower body,Detroit
297,D,"5'11""",195,Daley Trevor,35,Injured,5.0,4.0,Upper body,Detroit
298,C,"6'2""",194,Dalpe Zac,29,Not Injured,,,,
299,C,"6'1""",198,Danault Phillip,26,Not Injured,,,,
300,C,"5'11""",212,Dano Marko,24,Not Injured,,,,
301,G,"6'2""",187,Dansk Oscar,25,Not Injured,,,,
302,G,"6'6""",232,Darling Scott,30,Injured,1.0,8.0,Lower body,Carolina
303,C,"6'1""",180,Dauphin Laurent,24,Not Injured,,,,
304,D,"6'2""",208,Davidson Brandon,27,Injured,1.0,24.0,Leg,Chicago
305,D,"5'11""",180,Davies Jeremy,22,Not Injured,,,,
306,C,"5'10""",185,De Leo Chase,23,Not Injured,,,,
307,D,"5'11""",180,DeAngelo Anthony,23,Not Injured,,,,
308,LW,"5'7""",165,DeBrincat Alex,21,Not Injured,,,,
309,LW,"6'0""",188,DeBrusk Jake,22,Injured,2.0,9.0,Concussion,Boston
310,LW,"6'0""",188,DeBrusk Jake,22,Injured,2.0,5.0,Foot,Boston
311,D,"6'3""",192,DeKeyser Danny,29,Injured,3.0,8.0,Hand,Detroit
312,D,"6'3""",192,DeKeyser Danny,29,Injured,3.0,19.0,Hand,Detroit
313,D,"6'3""",192,DeKeyser Danny,29,Injured,3.0,3.0,Lower body,Detroit
314,D,"6'1""",195,DeMelo Dylan,26,Injured,1.0,5.0,Upper body,Ottawa
315,RW,"5'8""",172,DeSalvo Dan,27,Not Injured,,,,
316,D,"6'2""",185,DeSimone Nick,24,Not Injured,,,,
317,G,"6'0""",181,DeSmith Casey,27,Not Injured,,,,
318,C,"5'11""",175,Dea Jean-Sebastien,25,Not Injured,,,,
319,D,"6'0""",201,Del Zotto Michael,29,Not Injured,,,,
320,G,"6'2""",208,Delia Collin,25,Not Injured,,,,
321,G,"6'0""",205,Dell Aaron,30,Not Injured,,,,
322,D,"6'1""",195,Demers Jason,31,Injured,1.0,47.0,Knee,Arizona/Phoenix
323,G,"6'4""",192,Demko Thatcher,23,Injured,1.0,9.0,Knee,Vancouver
324,D,"6'0""",204,Dermott Travis,22,Injured,1.0,14.0,Shoulder,Toronto
325,LW,"6'1""",221,Deslauriers Nicolas,28,Injured,1.0,6.0,Facial,Montreal
326,D,"6'4""",214,Despres Simon,27,Not Injured,,,,
327,G,"6'1""",200,Desrosiers Philippe,23,Not Injured,,,,
328,RW,"6'0""",200,Di Giuseppe Phillip,25,Not Injured,,,,
329,C,"5'11""",188,Di Pauli Thomas,25,Not Injured,,,,
330,G,"6'0""",192,DiPietro Michael,20,Not Injured,,,,
331,C,"6'2""",200,Dickinson Jason,24,Injured,2.0,11.0,Back,Dallas
332,C,"6'2""",200,Dickinson Jason,24,Injured,2.0,2.0,Lower body,Dallas
333,D,"6'4""",225,Dillon Brenden,28,Not Injured,,,,
334,D,"6'0""",198,Dirk Jagger,26,Not Injured,,,,
335,D,"6'0""",169,Djoos Christian,24,Injured,1.0,24.0,Thigh,Washington
336,C,"5'10""",193,Domi Max,24,Not Injured,,,,
337,G,"6'3""",210,Domingue Louis,27,Injured,1.0,4.0,Lower body,Tampa Bay
338,C,"6'0""",193,Donato Ryan,23,Not Injured,,,,
339,D,"6'1""",205,Donovan Matt,29,Not Injured,,,,
340,RW,"6'0""",190,Donskoi Joonas,27,Not Injured,,,,
341,G,"6'1""",165,Dostal Lukas,19,Not Injured,,,,
342,C,"5'10""",172,Dostie Alex,22,Not Injured,,,,
343,D,"6'3""",210,Dotchin Jake,25,Not Injured,,,,
344,D,"6'1""",185,Dougherty Jack,23,Not Injured,,,,
345,D,"6'1""",202,Doughty Drew,29,Not Injured,,,,
346,C,"6'2""",197,Dowd Nic,29,Not Injured,,,,
347,C,"5'10""",180,Dowling Justin,28,Injured,1.0,3.0,Upper body,Dallas
348,C,"6'2""",208,Draisaitl Leon,23,Not Injured,,,,
349,D,"6'1""",190,Drew Hunter,20,Not Injured,,,,
350,C,"5'9""",185,Dries Sheldon,25,Not Injured,,,,
351,LW,"6'0""",193,Drouin Jonathan,24,Not Injured,,,,
352,LW,"5'10""",183,Dube Dillon,20,Injured,2.0,4.0,Concussion,Calgary
353,LW,"5'10""",183,Dube Dillon,20,Injured,2.0,1.0,Lower body,Calgary
354,C,"6'2""",205,Dubinsky Brandon,33,Injured,3.0,7.0,Hip,Columbus
355,C,"6'2""",205,Dubinsky Brandon,33,Injured,3.0,4.0,Lower body,Columbus
356,C,"6'2""",205,Dubinsky Brandon,33,Injured,3.0,10.0,Oblique,Columbus
357,G,"6'6""",224,Dubnyk Devan,33,Not Injured,,,,
358,C,"6'3""",207,Dubois Pierre-Luc,21,Not Injured,,,,
359,RW,"6'0""",179,Ducharme Justin,19,Not Injured,,,,
360,C,"5'11""",195,Duchene Matt,28,Injured,1.0,6.0,Groin,Ottawa
361,LW,"5'11""",191,Duclair Anthony,23,Not Injured,,,,
362,D,"6'0""",182,Dumba Mathew,24,Not Injured,,,,
363,D,"6'4""",207,Dumoulin Brian,27,Injured,2.0,3.0,Concussion,Pittsburgh
364,D,"6'4""",207,Dumoulin Brian,27,Injured,2.0,3.0,Lower body,Pittsburgh
365,D,"6'0""",203,Dunn Vince,22,Injured,1.0,2.0,Lower body,St. Louis
366,D,"6'0""",189,Durzi Sean,20,Not Injured,,,,
367,C,"6'0""",195,Dvorak Christian,23,Injured,2.0,4.0,Lower body,Arizona/Phoenix
368,C,"6'0""",195,Dvorak Christian,23,Injured,2.0,58.0,Pectoral,Arizona/Phoenix
369,LW,"6'0""",190,Dzingel Ryan,27,Injured,1.0,2.0,Lower body,Ottawa
370,C,"6'0""",190,Eakin Cody,28,Injured,1.0,3.0,Lower body,Vegas
371,RW,"5'11""",203,Eaves Patrick,35,Injured,2.0,33.0,Ribs,Anaheim
372,RW,"5'11""",203,Eaves Patrick,35,Injured,2.0,13.0,Shoulder,Anaheim
373,RW,"5'11""",187,Eberle Jordan,29,Injured,1.0,4.0,Upper body,NY Islanders
374,D,"6'3""",212,Edler Alexander,33,Injured,2.0,11.0,Concussion,Vancouver
375,D,"6'3""",212,Edler Alexander,33,Injured,2.0,15.0,Knee,Vancouver
376,D,"6'4""",215,Edmundson Joel,26,Injured,3.0,2.0,Groin,St. Louis
377,D,"6'4""",215,Edmundson Joel,26,Injured,3.0,2.0,Hand,St. Louis
378,D,"6'4""",215,Edmundson Joel,26,Injured,3.0,11.0,Lower body,St. Louis
379,LW,"6'0""",172,Ehlers Nikolaj,23,Injured,1.0,20.0,Shoulder,Winnipeg/Atlanta
380,C,"6'2""",193,Ehn Christoffer,23,Not Injured,,,,
381,C,"6'2""",206,Eichel Jack,22,Injured,1.0,3.0,Upper body,Buffalo
382,D,"6'4""",220,Ekblad Aaron,23,Not Injured,,,,
383,D,"6'4""",215,Ekholm Mattias,29,Not Injured,,,,
384,D,"6'2""",200,Ekman-Larsson Oliver,27,Injured,1.0,1.0,Knee,Arizona/Phoenix
385,LW,"6'1""",215,Elie Remi,24,Not Injured,,,,
386,C,"6'2""",207,Eller Lars,30,Injured,1.0,1.0,Lower body,Washington
387,G,"6'2""",209,Elliott Brian,34,Injured,1.0,40.0,Lower body,Philadelphia
388,D,"6'1""",190,Elliott Stefan,28,Not Injured,,,,
389,D,"5'10""",180,Ellis Ryan,28,Not Injured,,,,
390,C,"6'6""",194,Elynuik Hudson,21,Not Injured,,,,
391,D,"6'2""",218,Emelin Alexei,33,Not Injured,,,,
392,D,"6'2""",214,Engelland Deryk,37,Injured,1.0,3.0,Arm,Vegas
393,D,"6'3""",189,Englund Andreas,23,Not Injured,,,,
394,LW,"5'9""",161,Ennis Tyler,29,Injured,1.0,18.0,Ankle,Toronto
395,D,"5'10""",180,Enstrom Toby,34,Not Injured,,,,
396,D,"6'4""",220,Ericsson Jonathan,35,Injured,2.0,5.0,Lower body,Detroit
397,D,"6'4""",220,Ericsson Jonathan,35,Injured,2.0,7.0,Upper body,Detroit
398,C,"6'1""",208,Eriksson Ek Joel,22,Injured,2.0,6.0,Lower body,Minnesota
399,C,"6'1""",208,Eriksson Ek Joel,22,Injured,2.0,7.0,Lower body,Minnesota
400,G,"6'1""",180,Eriksson Ek Olle,20,Not Injured,,,,
401,LW,"6'2""",179,Eriksson Loui,33,Not Injured,,,,
402,LW,"6'1""",214,Erne Adam,24,Injured,1.0,1.0,Upper body,Tampa Bay
403,C,"6'0""",196,Estephan Giorgio,22,Not Injured,,,,
404,RW,"6'1""",212,Etem Emerson,27,Not Injured,,,,
405,LW,"5'10""",190,Fabbri Robby,23,Injured,2.0,10.0,Groin,St. Louis
406,LW,"5'10""",190,Fabbri Robby,23,Injured,2.0,10.0,Shoulder,St. Louis
407,D,"6'1""",193,Fabbro Dante,21,Not Injured,,,,
408,C,"6'3""",220,Faksa Radek,25,Injured,1.0,1.0,Neck,Dallas
409,D,"6'5""",224,Falk Justin,30,Injured,1.0,12.0,Concussion,Ottawa
410,D,"6'0""",206,Fantenberg Oscar,27,Injured,1.0,3.0,Lower body,Los Angeles
411,RW,"6'3""",205,Fasching Hudson,23,Not Injured,,,,
412,RW,"6'1""",192,Fast Jesper,27,Injured,2.0,5.0,Upper body,NY Rangers
413,RW,"6'1""",192,Fast Jesper,27,Injured,2.0,10.0,Upper body,NY Rangers
414,D,"6'0""",217,Faulk Justin,27,Not Injured,,,,
415,G,"6'1""",189,Fazio Justin,22,Not Injured,,,,
416,D,"6'1""",201,Fedun Taylor,31,Not Injured,,,,
417,C,"6'4""",209,Fehr Eric,33,Not Injured,,,,
418,LW,"6'0""",194,Ferguson Brady,24,Not Injured,,,,
419,G,"6'1""",192,Ferguson Dylan,20,Not Injured,,,,
420,LW,"6'1""",217,Ferland Micheal,27,Injured,5.0,1.0,Back,Carolina
421,LW,"6'1""",217,Ferland Micheal,27,Injured,5.0,4.0,Concussion,Carolina
422,LW,"6'1""",217,Ferland Micheal,27,Injured,5.0,1.0,Upper body,Carolina
423,LW,"6'1""",217,Ferland Micheal,27,Injured,5.0,2.0,Upper body,Carolina
424,LW,"6'1""",217,Ferland Micheal,27,Injured,5.0,3.0,Upper body,Carolina
425,LW,"5'10""",193,Fiala Kevin,22,Not Injured,,,,
426,C,"6'0""",196,Filppula Valtteri,35,Injured,2.0,2.0,Upper body,NY Islanders
427,C,"6'0""",196,Filppula Valtteri,35,Injured,2.0,8.0,Upper body,NY Islanders
428,RW,"6'2""",214,Fischer Christian,22,Not Injured,,,,
429,C,"5'9""",172,Fitzgerald Ryan,24,Not Injured,,,,
430,G,"6'3""",206,Fitzpatrick Evan,21,Not Injured,,,,
431,D,"6'3""",221,Fleury Haydn,22,Injured,2.0,3.0,Concussion,Carolina
432,D,"6'3""",221,Fleury Haydn,22,Injured,2.0,9.0,Concussion,Carolina
433,G,"6'2""",180,Fleury Marc-Andre,34,Injured,1.0,9.0,Lower body,Vegas
434,D,"6'1""",163,Flower Walter,20,Not Injured,,,,
435,LW,"6'1""",183,Flynn Brian,30,Not Injured,,,,
436,LW,"6'2""",198,Foegele Warren,23,Not Injured,,,,
437,RW,"6'3""",212,Fogarty Steven,26,Not Injured,,,,
438,LW,"6'0""",185,Foley Erik,22,Not Injured,,,,
439,LW,"6'3""",228,Foligno Marcus,27,Not Injured,,,,
440,LW,"6'0""",202,Foligno Nick,31,Not Injured,,,,
441,D,"6'3""",204,Folin Christian,28,Not Injured,,,,
442,RW,"6'0""",185,Foo Spencer,25,Not Injured,,,,
443,D,"6'3""",209,Foote Callan,20,Not Injured,,,,
444,LW,"6'3""",187,Foote Nolan,18,Not Injured,,,,
445,D,"6'4""",216,Forbort Derek,27,Not Injured,,,,
446,LW,"6'2""",174,Formenton Alex,19,Injured,1.0,3.0,Concussion,Ottawa
447,D,"6'2""",200,Forney Chris,24,Not Injured,,,,
448,C,"6'1""",184,Forsbacka Karlsson Jakob,22,Not Injured,,,,
449,G,"6'3""",192,Forsberg Anton,26,Not Injured,,,,
450,LW,"6'1""",205,Forsberg Filip,24,Injured,2.0,1.0,Upper body,Nashville
451,LW,"6'1""",205,Forsberg Filip,24,Injured,2.0,17.0,Upper body,Nashville
452,D,"6'0""",186,Forsling Gustav,23,Injured,3.0,6.0,Shoulder,Chicago
453,D,"6'0""",186,Forsling Gustav,23,Injured,3.0,8.0,Torso,Chicago
454,D,"6'0""",186,Forsling Gustav,23,Injured,3.0,8.0,Wrist,Chicago
455,C,"6'0""",172,Fortin Alexandre,22,Not Injured,,,,
456,D,"6'2""",206,Fowler Cam,27,Injured,1.0,23.0,Facial,Anaheim
457,G,"6'0""",179,Francouz Pavel,29,Not Injured,,,,
458,D,"6'2""",192,Fraser Cole,20,Not Injured,,,,
459,C,"6'2""",203,Frederic Trent,21,Not Injured,,,,
460,D,"5'10""",192,Friedman Mark,23,Not Injured,,,,
461,C,"5'11""",192,Fritz Tanner,27,Injured,1.0,5.0,Hand,NY Islanders
462,RW,"6'1""",205,Frk Martin,25,Not Injured,,,,
463,C,"6'1""",202,Froese Byron,28,Not Injured,,,,
464,RW,"6'1""",190,Frolik Michael,31,Injured,1.0,15.0,Lower body,Calgary
465,G,"6'3""",183,Fulcher Kaden,20,Not Injured,,,,
466,LW,"6'1""",205,Gaborik Marian,37,Injured,1.0,82.0,Back,Ottawa
467,RW,"6'4""",212,Gabriel Kurtis,26,Injured,1.0,3.0,Upper body,New Jersey
468,LW,"5'11""",204,Gabrielle Jesse,22,Not Injured,,,,
469,LW,"6'2""",201,Gadjovich Jonah,20,Not Injured,,,,
470,LW,"5'11""",200,Gagner Sam,29,Not Injured,,,,
471,C,"6'1""",207,Galchenyuk Alex,25,Injured,2.0,3.0,Lower body,Arizona/Phoenix
472,C,"6'1""",207,Galchenyuk Alex,25,Injured,2.0,7.0,Lower body,Arizona/Phoenix
473,RW,"5'9""",184,Gallagher Brendan,27,Not Injured,,,,
474,C,"6'1""",185,Gallant Zachary,20,Not Injured,,,,
475,C,"5'10""",196,Gambardella Joe,25,Not Injured,,,,
476,C,"6'0""",195,Gambrell Dylan,22,Not Injured,,,,
477,D,"6'2""",203,Gardiner Jake,29,Injured,2.0,2.0,Back,Toronto
478,D,"6'2""",203,Gardiner Jake,29,Injured,2.0,18.0,Back,Toronto
479,RW,"5'10""",165,Garland Conor,23,Not Injured,,,,
480,D,"6'1""",218,Garrison Jason,34,Not Injured,,,,
481,C,"6'3""",205,Gaudet Tyler,26,Not Injured,,,,
482,LW,"6'1""",184,Gaudette Adam,22,Not Injured,,,,
483,C,"6'0""",179,Gaudreau Frederick,26,Not Injured,,,,
484,LW,"5'9""",165,Gaudreau Johnny,25,Not Injured,,,,
485,C,"6'2""",217,Gaunce Brendan,25,Not Injured,,,,
486,D,"6'1""",210,Gaunce Cameron,29,Not Injured,,,,
487,C,"6'5""",235,Gauthier Frederik,24,Injured,1.0,2.0,Foot,Toronto
488,D,"6'3""",205,Gavrikov Vladislav,23,Not Injured,,,,
489,C,"6'1""",191,Gawdin Glenn,22,Not Injured,,,,
490,G,"6'1""",179,Georgiev Alexandar,23,Not Injured,,,,
491,LW,"5'4""",176,Gerbe Nathan,31,Not Injured,,,,
492,C,"5'11""",175,Gersich Shane,22,Not Injured,,,,
493,LW,"6'6""",221,Gettinger Tim,21,Not Injured,,,,
494,C,"6'4""",225,Getzlaf Ryan,34,Injured,4.0,5.0,Groin,Anaheim
495,C,"6'4""",225,Getzlaf Ryan,34,Injured,4.0,1.0,Upper body,Anaheim
496,C,"6'4""",225,Getzlaf Ryan,34,Injured,4.0,4.0,Upper body,Anaheim
497,C,"6'4""",225,Getzlaf Ryan,34,Injured,4.0,5.0,Upper body,Anaheim
498,C,"5'8""",175,Gibbons Brian,31,Injured,1.0,1.0,Hand,Anaheim
499,G,"6'1""",205,Gibson Christopher,26,Not Injured,,,,
500,G,"6'2""",206,Gibson John,25,Injured,1.0,9.0,Upper body,Anaheim
501,C,"5'11""",172,Gignac Brandon,21,Not Injured,,,,
502,D,"6'2""",199,Gilbert Dennis,22,Not Injured,,,,
503,G,"6'5""",216,Gillies Jon,25,Not Injured,,,,
504,C,"5'10""",170,Gilmour Brady,20,Not Injured,,,,
505,D,"6'0""",195,Gilmour John,26,Not Injured,,,,
506,RW,"5'7""",178,Gionta Brian,40,Not Injured,,,,
507,C,"5'6""",177,Gionta Stephen,35,Not Injured,,,,
508,D,"6'1""",200,Giordano Mark,35,Not Injured,,,,
509,D,"5'10""",162,Girard Samuel,21,Not Injured,,,,
510,D,"6'1""",212,Girardi Dan,35,Injured,1.0,13.0,Lower body,Tampa Bay
511,LW,"6'2""",207,Girgensons Zemgus,25,Injured,1.0,4.0,Upper body,Buffalo
512,C,"5'11""",185,Giroux Claude,31,Not Injured,,,,
513,LW,"6'1""",213,Glass Tanner,35,Not Injured,,,,
514,D,"6'1""",180,Gleason Ben,21,Not Injured,,,,
515,C,"5'11""",192,Glendening Luke,30,Not Injured,,,,
516,C,"5'10""",175,Glotov Vasily,21,Not Injured,,,,
517,RW,"6'0""",165,Gogolev Pavel,19,Not Injured,,,,
518,LW,"5'11""",196,Goldobin Nikolay,23,Not Injured,,,,
519,D,"5'11""",185,Goligoski Alex,33,Injured,1.0,5.0,Lower body,Arizona/Phoenix
520,LW,"5'10""",160,Golod Maxim,18,Not Injured,,,,
521,D,"6'1""",200,Goloubef Cody,29,Not Injured,,,,
522,RW,"6'2""",215,Goodrow Barclay,26,Not Injured,,,,
523,D,"6'7""",227,Gordeev Fedor,20,Not Injured,,,,
524,D,"6'1""",204,Gorges Josh,34,Not Injured,,,,
525,D,"5'11""",180,Gostisbehere Shayne,26,Injured,1.0,3.0,Lower body,Philadelphia
526,LW,"6'0""",199,Goulbourne Tyrell,25,Not Injured,,,,
527,C,"5'9""",172,Gourde Yanni,27,Not Injured,,,,
528,RW,"6'1""",188,Grabner Michael,31,Injured,1.0,41.0,Eye,Arizona/Phoenix
529,C,"5'11""",186,Grabovski Mikhail,35,Not Injured,,,,
530,D,"6'0""",176,Graham Jesse,25,Not Injured,,,,
531,C,"6'0""",180,Granlund Markus,26,Not Injured,,,,
532,RW,"5'10""",185,Granlund Mikael,27,Not Injured,,,,
533,C,"6'3""",215,Grant Derek,29,Injured,1.0,3.0,Upper body,Anaheim
534,C,"6'5""",208,Graovac Tyler,26,Not Injured,,,,
535,D,"6'4""",211,Gravel Kevin,27,Not Injured,,,,
536,D,"6'5""",226,Graves Ryan,24,Not Injured,,,,
537,RW,"5'10""",172,Greco Anthony,25,Not Injured,,,,
538,D,"6'1""",207,Green Mike,33,Injured,1.0,13.0,Lower body,Detroit
539,D,"5'11""",190,Greene Andy,36,Not Injured,,,,
540,LW,"6'2""",210,Greening Colin,33,Not Injured,,,,
541,LW,"6'6""",227,Greenway Jordan,22,Not Injured,,,,
542,LW,"6'3""",210,Greer A.J.,22,Not Injured,,,,
543,C,"6'0""",194,Gregoire Jeremy,23,Not Injured,,,,
544,G,"6'2""",232,Greiss Thomas,33,Not Injured,,,,
545,C,"5'6""",180,Grimaldi Rocco,26,Injured,1.0,6.0,Upper body,Nashville
546,D,"6'2""",183,Groleau Jeremy,19,Not Injured,,,,
547,G,"6'1""",185,Grosenick Troy,29,Not Injured,,,,
548,C,"6'1""",192,Groulx Benoit-Olivier,19,Not Injured,,,,
549,G,"6'1""",191,Grubauer Philipp,27,Not Injured,,,,
550,LW,"6'0""",201,Grundstrom Carl,21,Not Injured,,,,
551,D,"6'4""",222,Gryba Eric,31,Not Injured,,,,
552,D,"5'9""",174,Grzelcyk Matt,25,Injured,3.0,8.0,Arm,Boston
553,D,"5'9""",174,Grzelcyk Matt,25,Injured,3.0,2.0,Lower body,Boston
554,D,"5'9""",174,Grzelcyk Matt,25,Injured,3.0,4.0,Lower body,Boston
555,D,"5'11""",176,Guay Nicolas,20,Not Injured,,,,
556,D,"6'0""",204,Gudas Radko,29,Not Injured,,,,
557,D,"6'2""",229,Gudbranson Alexander,24,Not Injured,,,,
558,D,"6'5""",217,Gudbranson Erik,27,Injured,2.0,2.0,Back,Vancouver
559,D,"6'5""",217,Gudbranson Erik,27,Injured,2.0,3.0,Neck,Vancouver
560,LW,"5'11""",180,Guentzel Jake,24,Not Injured,,,,
561,D,"6'2""",197,Guhle Brendan,21,Injured,1.0,14.0,Oblique,Anaheim
562,D,"6'2""",198,Gunnarsson Carl,32,Injured,3.0,10.0,Knee,St. Louis
563,D,"6'2""",198,Gunnarsson Carl,32,Injured,3.0,20.0,Upper body,St. Louis
564,D,"6'2""",198,Gunnarsson Carl,32,Injured,3.0,24.0,Upper body,St. Louis
565,RW,"6'3""",195,Gurianov Denis,22,Not Injured,,,,
566,LW,"5'11""",181,Gusev Nikita,26,Not Injured,,,,
567,D,"6'0""",197,Gustafsson Erik,27,Not Injured,,,,
568,G,"6'2""",185,Gustavsson Filip,21,Not Injured,,,,
569,LW,"5'11""",186,Hagelin Carl,30,Injured,1.0,20.0,Knee,Los Angeles
570,D,"6'2""",204,Hagg Robert,24,Not Injured,,,,
571,D,"6'3""",205,Hainsey Ron,38,Not Injured,,,,
572,D,"6'2""",196,Hajek Libor,21,Injured,1.0,14.0,Shoulder,NY Rangers
573,G,"5'11""",185,Halak Jaroslav,34,Not Injured,,,,
574,C,"5'11""",205,Haley Micheal,33,Not Injured,,,,
575,LW,"6'1""",205,Hall Taylor,27,Injured,2.0,47.0,Knee,New Jersey
576,LW,"6'1""",205,Hall Taylor,27,Injured,2.0,2.0,Lower body,New Jersey
577,D,"6'1""",204,Hamhuis Dan,36,Injured,2.0,9.0,Lower body,Nashville
578,D,"6'1""",204,Hamhuis Dan,36,Injured,2.0,14.0,Lower body,Nashville
579,D,"6'6""",229,Hamilton Dougie,26,Not Injured,,,,
580,C,"6'1""",195,Hamilton Freddie,27,Not Injured,,,,
581,C,"5'11""",182,Hamilton Wacey,28,Not Injured,,,,
582,G,"6'2""",215,Hammond Andrew,31,Not Injured,,,,
583,D,"6'2""",205,Hamonic Travis,28,Injured,2.0,8.0,Facial,Calgary
584,D,"6'2""",205,Hamonic Travis,28,Injured,2.0,1.0,Lower body,Calgary
585,D,"6'3""",215,Hanifin Noah,22,Not Injured,,,,
586,D,"5'11""",191,Hanley Joel,28,Not Injured,,,,
587,D,"5'11""",200,Hanna Shane,25,Not Injured,,,,
588,LW,"6'1""",200,Hannikainen Markus,26,Injured,1.0,6.0,Upper body,Columbus
589,RW,"6'1""",198,Hansen Jannik,33,Not Injured,,,,
590,D,"6'1""",185,Hansson Niklas,24,Not Injured,,,,
591,C,"6'6""",230,Hanzal Martin,32,Injured,3.0,1.0,Back,Dallas
592,C,"6'6""",230,Hanzal Martin,32,Injured,3.0,29.0,Back,Dallas
593,C,"6'6""",230,Hanzal Martin,32,Injured,3.0,45.0,Back,Dallas
594,D,"6'6""",222,Harpur Ben,24,Injured,1.0,4.0,Shoulder,Ottawa
595,D,"6'2""",207,Harrington Scott,26,Injured,1.0,2.0,Concussion,Columbus
596,G,"6'2""",181,Hart Carter,20,Injured,1.0,7.0,Ankle,Philadelphia
597,RW,"6'0""",181,Hartman Ryan,24,Not Injured,,,,
598,LW,"6'2""",215,Hartnell Scott,37,Not Injured,,,,
599,RW,"6'2""",210,Hathaway Garnet,27,Not Injured,,,,
600,C,"6'0""",193,Haula Erik,28,Injured,1.0,67.0,Lower body,Vegas
601,C,"5'11""",196,Hawryluk Jayce,23,Injured,1.0,4.0,Lower body,Florida
602,RW,"6'3""",215,Hayden John,24,Not Injured,,,,
603,RW,"6'5""",215,Hayes Jimmy,29,Not Injured,,,,
604,C,"6'5""",216,Hayes Kevin,27,Injured,1.0,9.0,Upper body,NY Rangers
605,C,"6'1""",190,Hayton Barrett,19,Not Injured,,,,
606,D,"6'4""",225,Heatherington Dillon,24,Not Injured,,,,
607,D,"6'6""",223,Hedman Victor,28,Injured,3.0,1.0,Lower body,Tampa Bay
608,D,"6'6""",223,Hedman Victor,28,Injured,3.0,4.0,Upper body,Tampa Bay
609,D,"6'6""",223,Hedman Victor,28,Injured,3.0,7.0,Upper body,Tampa Bay
610,D,"5'11""",180,Heed Tim,28,Not Injured,,,,
611,C,"6'1""",188,Heinen Danton,23,Not Injured,,,,
612,D,"6'1""",185,Heiskanen Miro,19,Not Injured,,,,
613,LW,"6'2""",205,Helewka Adam,23,Not Injured,,,,
614,G,"6'4""",207,Hellebuyck Connor,26,Not Injured,,,,
615,LW,"6'0""",196,Helm Darren,32,Injured,1.0,21.0,Upper body,Detroit
616,RW,"6'0""",177,Hemsky Ales,35,Not Injured,,,,
617,C,"6'0""",211,Hendricks Matt,38,Injured,2.0,6.0,Leg,Minnesota
618,C,"6'0""",211,Hendricks Matt,38,Injured,2.0,3.0,Upper body,Minnesota
619,C,"6'0""",197,Henrique Adam,29,Not Injured,,,,
620,C,"6'2""",215,Hertl Tomas,25,Injured,2.0,3.0,Head,San Jose
621,C,"6'2""",215,Hertl Tomas,25,Injured,2.0,2.0,Lower body,San Jose
622,D,"5'8""",175,Hicketts Joe,23,Not Injured,,,,
623,D,"6'0""",183,Hickey Thomas,30,Injured,1.0,29.0,Upper body,NY Islanders
624,RW,"5'11""",181,Highmore Matthew,23,Not Injured,,,,
625,G,"6'6""",202,Hill Adin,23,Not Injured,,,,
626,C,"5'9""",173,Hinostroza Vinnie,25,Injured,1.0,10.0,Lower body,Arizona/Phoenix
627,LW,"6'3""",215,Hintz Roope,22,Not Injured,,,,
628,LW,"5'10""",165,Hirose Taro,23,Not Injured,,,,
629,C,"6'1""",175,Hischier Nico,20,Injured,2.0,4.0,Upper body,New Jersey
630,C,"6'1""",175,Hischier Nico,20,Injured,2.0,9.0,Upper body,New Jersey
631,D,"6'3""",197,Hjalmarsson Niklas,32,Not Injured,,,,
632,RW,"6'0""",173,Ho-Sang Josh,23,Not Injured,,,,
633,LW,"6'0""",180,Hoffman Mike,29,Not Injured,,,,
634,G,"6'5""",209,Hogberg Marcus,24,Not Injured,,,,
635,D,"6'4""",201,Hogstrom Marcus,30,Not Injured,,,,
636,D,"6'4""",214,Holden Nick,32,Not Injured,,,,
637,D,"6'4""",205,Holl Justin,27,Not Injured,,,,
638,C,"6'2""",205,Holland Peter,28,Not Injured,,,,
639,D,"5'10""",165,Hollowell Mac,20,Not Injured,,,,
640,G,"6'2""",211,Holtby Braden,29,Injured,1.0,2.0,Upper body,Washington
641,D,"6'3""",206,Holzer Korbinian,31,Injured,1.0,42.0,Wrist,Anaheim
642,D,"5'11""",180,Honka Julius,23,Not Injured,,,,
643,RW,"5'11""",189,Hornqvist Patric,32,Injured,3.0,3.0,Concussion,Pittsburgh
644,RW,"5'11""",189,Hornqvist Patric,32,Injured,3.0,4.0,Concussion,Pittsburgh
645,RW,"5'11""",189,Hornqvist Patric,32,Injured,3.0,6.0,Upper body,Pittsburgh
646,C,"6'0""",215,Horvat Bo,24,Not Injured,,,,
647,G,"6'1""",218,Howard Jimmy,35,Injured,1.0,1.0,Back,Detroit
648,C,"6'3""",195,Howden Brett,21,Injured,1.0,15.0,Knee,NY Rangers
649,LW,"6'2""",197,Hrivik Marek,27,Not Injured,,,,
650,D,"6'0""",163,Hronek Filip,21,Not Injured,,,,
651,LW,"6'1""",200,Huberdeau Jonathan,26,Not Injured,,,,
652,LW,"5'10""",196,Hudon Charles,25,Not Injured,,,,
653,D,"5'10""",175,Hughes Quinn,19,Injured,1.0,8.0,Ankle,Vancouver
654,D,"5'9""",187,Hunt Brad,30,Not Injured,,,,
655,LW,"6'0""",201,Hunt Dryden,23,Not Injured,,,,
656,D,"5'11""",200,Hunwick Matt,34,Injured,4.0,1.0,Lower body,Buffalo
657,D,"5'11""",200,Hunwick Matt,34,Injured,4.0,3.0,Lower body,Buffalo
658,D,"5'11""",200,Hunwick Matt,34,Injured,4.0,32.0,Neck,Buffalo
659,D,"5'11""",200,Hunwick Matt,34,Injured,4.0,9.0,Upper body,Buffalo
660,G,"6'3""",205,Husso Ville,24,Not Injured,,,,
661,G,"6'3""",202,Hutchinson Michael,29,Not Injured,,,,
662,D,"6'2""",206,Hutton Ben,26,Injured,1.0,11.0,Foot,Vancouver
663,G,"6'1""",202,Hutton Carter,33,Injured,1.0,1.0,Upper body,Buffalo
664,RW,"5'11""",160,Hyka Tomas,26,Not Injured,,,,
665,LW,"6'1""",209,Hyman Zach,27,Injured,1.0,8.0,Ankle,Toronto
666,LW,"6'0""",188,Iafallo Alex,25,Not Injured,,,,
667,LW,"6'1""",214,Imama Bokondji,22,Not Injured,,,,
668,G,"6'1""",212,Ingram Connor,22,Not Injured,,,,
669,D,"6'1""",207,Irwin Matt,31,Not Injured,,,,
670,D,"6'2""",200,Jacobs Josh,23,Not Injured,,,,
671,C,"6'4""",212,Jankowski Mark,24,Not Injured,,,,
672,C,"6'1""",195,Janmark Mattias,26,Not Injured,,,,
673,D,"6'2""",209,Jardine Sam,25,Not Injured,,,,
674,C,"5'11""",186,Jarnkrok Calle,27,Injured,1.0,3.0,Lower body,Nashville
675,D,"6'3""",201,Jaros Christian,23,Injured,4.0,3.0,Finger,Ottawa
676,D,"6'3""",201,Jaros Christian,23,Injured,4.0,4.0,Hamstring,Ottawa
677,D,"6'3""",201,Jaros Christian,23,Injured,4.0,2.0,Lower body,Ottawa
678,D,"6'3""",201,Jaros Christian,23,Injured,4.0,4.0,Lower body,Ottawa
679,G,"6'2""",194,Jarry Tristan,24,Not Injured,,,,
680,RW,"6'1""",172,Jasek Lukas,21,Not Injured,,,,
681,RW,"6'2""",216,Jaskin Dmitrij,26,Not Injured,,,,
682,LW,"6'2""",207,Jeannot Tanner,22,Not Injured,,,,
683,C,"6'2""",206,Jenner Boone,26,Injured,1.0,3.0,Ankle,Columbus
684,D,"6'0""",194,Jensen Nick,28,Not Injured,,,,
685,D,"5'11""",200,Jerabek Jakub,27,Not Injured,,,,
686,C,"6'3""",218,Johansen Ryan,26,Not Injured,,,,
687,LW,"6'1""",205,Johansson Marcus,28,Injured,3.0,10.0,Lung,Boston
688,LW,"6'1""",205,Johansson Marcus,28,Injured,3.0,1.0,Lower body,New Jersey
689,LW,"6'1""",205,Johansson Marcus,28,Injured,3.0,10.0,Upper body,New Jersey
690,D,"6'4""",225,Johns Stephen,27,Injured,1.0,82.0,Head,Dallas
691,LW,"6'0""",174,Johnson Adam,25,Not Injured,,,,
692,G,"6'1""",205,Johnson Cam,24,Not Injured,,,,
693,G,"6'3""",197,Johnson Chad,33,Injured,1.0,26.0,Head,Anaheim
694,D,"6'4""",225,Johnson Erik,31,Injured,1.0,2.0,Concussion,Colorado
695,D,"6'1""",227,Johnson Jack,32,Not Injured,,,,
696,C,"5'11""",179,Johnson Luke,24,Not Injured,,,,
697,C,"5'8""",183,Johnson Tyler,28,Injured,2.0,1.0,Lower body,Tampa Bay
698,C,"5'8""",183,Johnson Tyler,28,Injured,2.0,1.0,Upper body,Tampa Bay
699,LW,"5'10""",181,Johnsson Andreas,24,Injured,2.0,1.0,Concussion,Toronto
700,LW,"5'10""",181,Johnsson Andreas,24,Injured,2.0,1.0,Leg,Toronto
701,LW,"6'5""",235,Johnston Ross,25,Not Injured,,,,
702,D,"6'0""",193,Jokiharju Henri,20,Not Injured,,,,
703,LW,"6'0""",191,Jokinen Jussi,36,Not Injured,,,,
704,D,"6'1""",194,Jones Caleb,22,Not Injured,,,,
705,G,"6'4""",190,Jones Martin,29,Not Injured,,,,
706,LW,"6'3""",210,Jones Max,21,Not Injured,,,,
707,D,"6'4""",210,Jones Seth,24,Injured,1.0,7.0,Knee,Columbus
708,RW,"6'1""",197,Jooris Josh,28,Not Injured,,,,
709,RW,"6'1""",190,Joseph Mathieu,22,Injured,1.0,6.0,Lower body,Tampa Bay
710,D,"6'1""",201,Josi Roman,29,Not Injured,,,,
711,C,"5'11""",191,Jost Tyson,21,Injured,1.0,4.0,Head,Colorado
712,LW,"6'2""",188,Jurco Tomas,26,Not Injured,,,,
713,D,"6'2""",174,Juulsen Noah,22,Injured,2.0,9.0,Facial,Montreal
714,D,"6'2""",174,Juulsen Noah,22,Injured,2.0,2.0,Upper body,Montreal
715,C,"6'0""",192,Kadri Nazem,28,Injured,1.0,8.0,Concussion,Toronto
716,C,"5'11""",175,Kahun Dominik,24,Not Injured,,,,
717,C,"6'2""",194,Kamenev Vladislav,22,Injured,1.0,52.0,Shoulder,Colorado
718,C,"6'2""",188,Kampf David,24,Injured,2.0,2.0,Facial,Chicago
719,C,"6'2""",188,Kampf David,24,Injured,2.0,12.0,Foot,Chicago
720,D,"5'11""",198,Kampfer Steven,30,Not Injured,,,,
721,LW,"6'2""",210,Kane Evander,27,Injured,1.0,5.0,Mid-body,San Jose
722,RW,"5'10""",177,Kane Patrick,30,Not Injured,,,,
723,RW,"6'1""",192,Kapanen Kasperi,22,Injured,1.0,4.0,Concussion,Toronto
724,D,"6'0""",190,Karlsson Erik,29,Injured,3.0,1.0,Groin,San Jose
725,D,"6'0""",190,Karlsson Erik,29,Injured,3.0,17.0,Groin,San Jose
726,D,"6'0""",190,Karlsson Erik,29,Injured,3.0,9.0,Lower body,San Jose
727,C,"6'0""",180,Karlsson Melker,28,Injured,1.0,3.0,Lower body,San Jose
728,C,"6'1""",189,Karlsson William,26,Not Injured,,,,
729,RW,"5'11""",186,Kase Ondrej,23,Injured,2.0,18.0,Concussion,Anaheim
730,RW,"5'11""",186,Kase Ondrej,23,Injured,2.0,34.0,Shoulder,Anaheim
731,G,"6'3""",194,Kaskisuo Kasimir,25,Not Injured,,,,
732,RW,"6'3""",211,Kassian Zack,28,Injured,1.0,1.0,Neck,Edmonton
733,LW,"6'1""",183,Katchouk Boris,21,Not Injured,,,,
734,D,"6'0""",195,Keeper Brady,23,Not Injured,,,,
735,D,"6'1""",192,Keith Duncan,35,Not Injured,,,,
736,RW,"5'10""",170,Keller Clayton,20,Not Injured,,,,
737,C,"6'0""",190,Kelly Chris,38,Not Injured,,,,
738,C,"6'2""",201,Kempe Adrian,22,Injured,1.0,1.0,Upper body,Los Angeles
739,RW,"6'0""",185,Kempe Mario,30,Injured,1.0,2.0,Upper body,Arizona/Phoenix
740,D,"6'0""",194,Kempny Michal,28,Injured,2.0,8.0,Hamstring,Washington
741,D,"6'0""",194,Kempny Michal,28,Injured,2.0,2.0,Upper body,Washington
742,C,"5'10""",175,Kerfoot Alexander,24,Injured,1.0,4.0,Upper body,Colorado
743,C,"6'0""",185,Kero Tanner,26,Not Injured,,,,
744,C,"6'2""",206,Kesler Ryan,34,Injured,3.0,3.0,Hip,Anaheim
745,C,"6'2""",206,Kesler Ryan,34,Injured,3.0,14.0,Hip,Anaheim
746,C,"6'2""",206,Kesler Ryan,34,Injured,3.0,5.0,Lower body,Anaheim
747,RW,"6'0""",202,Kessel Phil,31,Not Injured,,,,
748,RW,"6'1""",185,Kestner Josh,25,Not Injured,,,,
749,G,"6'2""",185,Keyser Kyle,20,Not Injured,,,,
750,LW,"6'4""",212,Khaira Jujhar,24,Injured,1.0,5.0,Foot,Edmonton
751,G,"5'11""",200,Khudobin Anton,33,Not Injured,,,,
752,G,"6'2""",201,Kielly Jake,22,Not Injured,,,,
753,LW,"6'1""",196,Killorn Alex,29,Not Injured,,,,
754,G,"6'3""",195,Kinkaid Keith,30,Not Injured,,,,
755,LW,"6'3""",183,Kirkland Justin,22,Not Injured,,,,
756,D,"6'0""",207,Kiselevich Bogdan,29,Injured,1.0,2.0,Jaw,Florida
757,G,"6'2""",184,Kivlenieks Matiss,22,Not Injured,,,,
758,D,"6'3""",216,Klefbom Oscar,25,Injured,1.0,21.0,Hand,Edmonton
759,D,"6'2""",180,Klingberg John,26,Injured,1.0,18.0,Hand,Dallas
760,RW,"5'9""",182,Kloos Justin,25,Not Injured,,,,
761,RW,"6'2""",195,Knight Corban,28,Injured,2.0,44.0,Collarbone,Philadelphia
762,RW,"6'2""",195,Knight Corban,28,Injured,2.0,5.0,Upper body,Philadelphia
763,D,"6'2""",193,Koekkoek Slater,25,Not Injured,,,,
764,C,"6'3""",219,Koivu Mikko,36,Injured,2.0,29.0,Knee,Minnesota
765,C,"6'3""",219,Koivu Mikko,36,Injured,2.0,4.0,Lower body,Minnesota
766,RW,"5'11""",209,Komarov Leo,32,Not Injured,,,,
767,C,"5'10""",175,Konecny Travis,22,Not Injured,,,,
768,C,"6'3""",225,Kopitar Anze,31,Not Injured,,,,
769,G,"6'1""",185,Korenar Josef,21,Not Injured,,,,
770,G,"6'3""",182,Korpisalo Joonas,25,Not Injured,,,,
771,G,"6'7""",202,Koskinen Mikko,30,Not Injured,,,,
772,C,"5'10""",180,Kossila Kalle,26,Not Injured,,,,
773,RW,"6'3""",212,Kostin Klim,20,Not Injured,,,,
774,C,"6'2""",184,Kotkaniemi Jesperi,18,Not Injured,,,,
775,LW,"6'3""",222,Kovalchuk Ilya,36,Injured,2.0,10.0,Ankle,Los Angeles
776,LW,"6'3""",222,Kovalchuk Ilya,36,Injured,2.0,1.0,Upper body,Los Angeles
777,RW,"6'0""",209,Kovar Jan,29,Not Injured,,,,
778,D,"6'1""",185,Kral Filip,19,Not Injured,,,,
779,LW,"6'3""",216,Kreider Chris,28,Injured,1.0,3.0,Lower body,NY Rangers
780,C,"6'0""",188,Krejci David,33,Not Injured,,,,
781,D,"6'0""",194,Kronwall Niklas,38,Not Injured,,,,
782,D,"5'9""",186,Krug Torey,28,Injured,2.0,11.0,Ankle,Boston
783,D,"5'9""",186,Krug Torey,28,Injured,2.0,6.0,Concussion,Boston
784,C,"6'0""",186,Kruger Marcus,29,Injured,2.0,4.0,Concussion,Chicago
785,C,"6'0""",186,Kruger Marcus,29,Injured,2.0,3.0,Leg,Chicago
786,RW,"5'11""",178,Kucherov Nikita,26,Not Injured,,,,
787,G,"6'5""",215,Kuemper Darcy,29,Injured,2.0,7.0,Lower body,Arizona/Phoenix
788,G,"6'5""",215,Kuemper Darcy,29,Injured,2.0,1.0,Upper body,Arizona/Phoenix
789,LW,"6'1""",195,Kuffner Ryan,23,Not Injured,,,,
790,RW,"5'11""",185,Kuhlman Karson,23,Not Injured,,,,
791,RW,"6'2""",196,Kuhnhackl Tom,27,Not Injured,,,,
792,D,"6'2""",186,Kukan Dean,25,Not Injured,,,,
793,D,"6'2""",187,Kulak Brett,25,Not Injured,,,,
794,LW,"6'1""",228,Kulemin Nikolay,32,Not Injured,,,,
795,D,"6'1""",204,Kulikov Dmitry,28,Injured,2.0,4.0,Upper body,Winnipeg/Atlanta
796,D,"6'1""",204,Kulikov Dmitry,28,Injured,2.0,12.0,Upper body,Winnipeg/Atlanta
797,C,"6'0""",195,Kunin Luke,21,Injured,1.0,2.0,Upper body,Minnesota
798,LW,"6'0""",188,Kunitz Chris,39,Not Injured,,,,
799,C,"6'1""",195,Kuokkanen Janne,21,Not Injured,,,,
800,C,"6'2""",213,Kuraly Sean,26,Injured,2.0,2.0,Concussion,Boston
801,C,"6'2""",213,Kuraly Sean,26,Injured,2.0,8.0,Hand,Boston
802,C,"6'2""",204,Kuznetsov Evgeny,27,Injured,1.0,6.0,Upper body,Washington
803,D,"6'0""",183,Kylington Oliver,22,Not Injured,,,,
804,C,"6'0""",175,Kyrou Jordan,21,Not Injured,,,,
805,C,"6'2""",208,L'Esperance Joel,23,Not Injured,,,,
806,D,"6'0""",197,LaBlanc Stefan,23,Not Injured,,,,
807,D,"6'2""",200,LaDue Paul,26,Injured,1.0,5.0,Upper body,Los Angeles
808,RW,"5'11""",185,Labanc Kevin,23,Not Injured,,,,
809,RW,"6'1""",182,Laberge Pascal,21,Not Injured,,,,
810,LW,"6'2""",200,Laberge Samuel,22,Not Injured,,,,
811,D,"5'11""",190,Labrie Hubert,27,Not Injured,,,,
812,G,"6'4""",187,Lack Eddie,31,Not Injured,,,,
813,LW,"6'3""",192,Ladd Andrew,33,Injured,2.0,6.0,Knee,NY Islanders
814,LW,"6'3""",192,Ladd Andrew,33,Injured,2.0,44.0,Leg,NY Islanders
815,C,"6'1""",195,Lafferty Sam,24,Not Injured,,,,
816,G,"6'2""",190,Lagace Maxime,26,Not Injured,,,,
817,RW,"6'5""",206,Laine Patrik,21,Not Injured,,,,
818,D,"6'1""",183,Lajoie Max,21,Not Injured,,,,
819,D,"6'1""",184,Lalonde Owen,19,Not Injured,,,,
820,RW,"6'2""",191,Lammikko Juho,23,Not Injured,,,,
821,LW,"6'1""",215,Landeskog Gabriel,26,Injured,1.0,9.0,Shoulder,Colorado
822,LW,"5'10""",176,Lane Matt,25,Not Injured,,,,
823,G,"6'2""",185,Lankinen Kevin,24,Not Injured,,,,
824,RW,"6'1""",174,Lappin Nick,26,Not Injured,,,,
825,RW,"6'1""",198,Larkin Dylan,22,Injured,2.0,5.0,Neck,Detroit
826,RW,"6'1""",198,Larkin Dylan,22,Injured,2.0,1.0,Oblique,Detroit
827,D,"6'3""",208,Larsson Adam,26,Not Injured,,,,
828,G,"6'2""",185,Larsson Filip,20,Not Injured,,,,
829,D,"6'2""",197,Larsson Jacob,22,Injured,1.0,4.0,Charley horse,Anaheim
830,C,"5'11""",198,Larsson Johan,26,Injured,2.0,3.0,Foot,Buffalo
831,C,"5'11""",198,Larsson Johan,26,Injured,2.0,2.0,Upper body,Buffalo
832,D,"6'3""",221,Lashoff Brian,28,Not Injured,,,,
833,C,"6'1""",190,Laughton Scott,25,Not Injured,,,,
834,LW,"6'1""",172,Lauko Jakub,19,Not Injured,,,,
835,D,"6'1""",204,Lauzon Jeremy,22,Not Injured,,,,
836,C,"6'0""",209,Lazar Curtis,24,Not Injured,,,,
837,D,"6'0""",207,Leddy Nick,28,Not Injured,,,,
838,LW,"6'3""",231,Lee Anders,29,Not Injured,,,,
839,LW,"6'0""",177,Lehkonen Artturi,24,Not Injured,,,,
840,G,"6'4""",240,Lehner Robin,27,Injured,2.0,1.0,Back,NY Islanders
841,G,"6'4""",240,Lehner Robin,27,Injured,2.0,3.0,Upper body,NY Islanders
842,C,"6'2""",212,Lehtera Jori,31,Not Injured,,,,
843,G,"6'4""",209,Lehtonen Kari,35,Not Injured,,,,
844,LW,"5'10""",174,Leier Taylor,25,Not Injured,,,,
845,LW,"5'10""",179,Leipsic Brendan,25,Injured,1.0,9.0,Lower body,Los Angeles
846,LW,"6'2""",192,Leivo Josh,26,Injured,1.0,3.0,Back,Vancouver
847,LW,"6'1""",210,Lemieux Brendan,23,Not Injured,,,,
848,D,"6'0""",201,Letang Kris,32,Injured,3.0,1.0,Lower body,Pittsburgh
849,D,"6'0""",201,Letang Kris,32,Injured,3.0,4.0,Upper body,Pittsburgh
850,D,"6'0""",201,Letang Kris,32,Injured,3.0,11.0,Upper body,Pittsburgh
851,C,"5'10""",195,Letestu Mark,34,Not Injured,,,,
852,C,"5'10""",187,Lettieri Vinni,24,Not Injured,,,,
853,C,"6'2""",155,Letunov Maxim,23,Not Injured,,,,
854,D,"6'0""",194,Lewington Tyler,24,Not Injured,,,,
855,C,"6'1""",202,Lewis Trevor,32,Injured,1.0,38.0,Foot,Los Angeles
856,RW,"6'1""",176,Lind Kole,20,Not Injured,,,,
857,C,"6'1""",202,Lindberg Oscar,27,Not Injured,,,,
858,RW,"6'3""",217,Lindberg Tobias,23,Not Injured,,,,
859,LW,"6'1""",191,Lindblom Oskar,22,Not Injured,,,,
860,D,"6'3""",215,Lindell Esa,25,Not Injured,,,,
861,G,"6'2""",190,Lindgren Charlie,25,Not Injured,,,,
862,D,"6'0""",165,Lindgren Jesper,22,Not Injured,,,,
863,D,"6'0""",201,Lindgren Ryan,21,Not Injured,,,,
864,D,"5'11""",191,Lindholm Anton,24,Not Injured,,,,
865,C,"6'1""",195,Lindholm Elias,24,Not Injured,,,,
866,D,"6'3""",211,Lindholm Hampus,25,Injured,1.0,6.0,Lower body,Anaheim
867,C,"6'0""",183,Lindholm Par,27,Not Injured,,,,
868,C,"6'0""",165,Lipanov Alexei,19,Not Injured,,,,
869,C,"6'0""",191,Little Bryan,31,Not Injured,,,,
870,C,"5'9""",170,Lizotte Blake,21,Not Injured,,,,
871,LW,"5'9""",187,Lomberg Ryan,24,Not Injured,,,,
872,RW,"5'9""",170,Lorito Matt,29,Not Injured,,,,
873,D,"6'1""",205,Lovejoy Ben,35,Injured,2.0,3.0,Lower body,New Jersey
874,D,"6'1""",205,Lovejoy Ben,35,Injured,2.0,6.0,Upper body,New Jersey
875,C,"6'5""",210,Lowry Adam,26,Injured,1.0,2.0,Upper body,Winnipeg/Atlanta
876,LW,"6'3""",231,Lucic Milan,31,Injured,2.0,2.0,Hip,Edmonton
877,LW,"6'3""",231,Lucic Milan,31,Injured,2.0,1.0,Lower body,Edmonton
878,RW,"6'2""",196,Luff Matt,22,Not Injured,,,,
879,C,"6'0""",185,Lundestrom Isac,19,Not Injured,,,,
880,G,"6'1""",180,Lundqvist Henrik,37,Not Injured,,,,
881,G,"6'3""",215,Luongo Roberto,40,Injured,2.0,8.0,Knee,Florida
882,G,"6'3""",215,Luongo Roberto,40,Injured,2.0,5.0,Lower body,Florida
883,G,"6'5""",209,Luukkonen Ukko-Pekka,20,Not Injured,,,,
884,C,"6'1""",205,Lynch Kevin,28,Not Injured,,,,
885,G,"6'1""",198,Lyon Alex,26,Injured,1.0,1.0,Lower body,Philadelphia
886,D,"6'2""",201,Lyubushkin Ilya,25,Not Injured,,,,
887,D,"6'0""",173,Lyytinen Joonas,24,Not Injured,,,,
888,D,"6'2""",206,Maatta Olli,24,Injured,1.0,21.0,Upper body,Pittsburgh
889,D,"6'3""",203,MacDermid Kurtis,25,Injured,1.0,3.0,Upper body,Los Angeles
890,D,"6'1""",204,MacDonald Andrew,32,Injured,1.0,6.0,Lower body,Philadelphia
891,D,"6'0""",208,MacDonald Jacob,26,Not Injured,,,,
892,LW,"6'2""",190,MacEachern Mackenzie,25,Not Injured,,,,
893,C,"6'3""",198,MacEwen Zack,22,Not Injured,,,,
894,C,"5'11""",177,MacKenzie Derek,38,Injured,1.0,81.0,Shoulder,Florida
895,C,"6'0""",205,MacKinnon Nathan,23,Not Injured,,,,
896,RW,"6'4""",207,Maenalanen Saku,25,Not Injured,,,,
897,C,"5'10""",190,Magwood Zach,21,Not Injured,,,,
898,D,"6'1""",192,Mahura Josh,21,Not Injured,,,,
899,D,"5'11""",179,Makar Cale,20,Not Injured,,,,
900,C,"5'9""",177,Malgin Denis,22,Injured,1.0,6.0,Upper body,Florida
901,C,"6'3""",195,Malkin Evgeni,32,Injured,2.0,5.0,Upper body,Pittsburgh
902,C,"6'3""",195,Malkin Evgeni,32,Injured,2.0,8.0,Upper body,Pittsburgh
903,LW,"6'2""",207,Malone Brad,30,Not Injured,,,,
904,LW,"6'0""",197,Malone Sean,24,Not Injured,,,,
905,RW,"6'2""",201,Mamin Maxim,24,Not Injured,,,,
906,LW,"5'10""",184,Mangiapane Andrew,23,Not Injured,,,,
907,D,"6'1""",205,Manning Brandon,29,Not Injured,,,,
908,D,"6'3""",216,Manson Josh,27,Injured,1.0,4.0,Upper body,Anaheim
909,RW,"6'5""",225,Mantha Anthony,24,Injured,1.0,15.0,Hand,Detroit
910,LW,"5'9""",181,Marchand Brad,31,Injured,1.0,1.0,Upper body,Boston
911,C,"5'9""",174,Marchessault Jonathan,28,Not Injured,,,,
912,D,"6'5""",213,Marincin Martin,27,Not Injured,,,,
913,RW,"5'10""",185,Markison Colin,26,Not Injured,,,,
914,G,"6'6""",206,Markstrom Jacob,29,Not Injured,,,,
915,C,"6'2""",218,Marleau Patrick,39,Not Injured,,,,
916,RW,"6'0""",175,Marner Mitchell,22,Not Injured,,,,
917,C,"6'0""",190,Marody Cooper,22,Not Injured,,,,
918,LW,"6'3""",225,Maroon Patrick,31,Injured,1.0,4.0,Upper body,St. Louis
919,LW,"5'8""",162,Martel Danick,24,Not Injured,,,,
920,D,"6'7""",220,Martenet Chris,22,Not Injured,,,,
921,LW,"6'3""",220,Martin Matt,30,Injured,2.0,4.0,Upper body,NY Islanders
922,LW,"6'3""",220,Martin Matt,30,Injured,2.0,10.0,Upper body,NY Islanders
923,D,"6'1""",200,Martin Paul,38,Not Injured,,,,
924,D,"6'1""",209,Martinez Alec,31,Injured,2.0,8.0,Upper body,Los Angeles
925,D,"6'1""",209,Martinez Alec,31,Injured,2.0,14.0,Upper body,Los Angeles
926,LW,"6'0""",196,Martinook Jordan,26,Not Injured,,,,
927,C,"6'3""",229,Martinsen Andreas,29,Injured,1.0,3.0,Back,Chicago
928,LW,"5'9""",197,Mascherin Adam,21,Not Injured,,,,
929,D,"6'2""",189,Masin Dominik,23,Not Injured,,,,
930,G,"6'4""",210,Mason Steve,31,Not Injured,,,,
931,D,"6'2""",193,Matheson Michael,25,Not Injured,,,,
932,RW,"6'2""",220,Matteau Stefan,25,Not Injured,,,,
933,C,"6'3""",223,Matthews Auston,21,Injured,1.0,14.0,Shoulder,Toronto
934,LW,"6'4""",231,Matthias Shawn,31,Not Injured,,,,
935,D,"6'5""",223,Mayfield Scott,26,Not Injured,,,,
936,G,"6'4""",187,Mazanec Marek,27,Not Injured,,,,
937,G,"6'3""",195,McAdam Eamon,24,Not Injured,,,,
938,D,"6'0""",208,McAvoy Charlie,21,Injured,2.0,20.0,Concussion,Boston
939,D,"6'0""",208,McAvoy Charlie,21,Injured,2.0,7.0,Lower body,Boston
940,D,"6'1""",210,McCabe Jake,25,Injured,3.0,1.0,Upper body,Buffalo
941,D,"6'1""",210,McCabe Jake,25,Injured,3.0,9.0,Upper body,Buffalo
942,D,"6'1""",210,McCabe Jake,25,Injured,3.0,13.0,Upper body,Buffalo
943,C,"6'1""",185,McCann Jared,23,Injured,1.0,1.0,Upper body,Florida
944,G,"6'2""",220,McCollum Thomas,29,Not Injured,,,,
945,C,"5'11""",185,McCormick Max,27,Injured,1.0,7.0,Lower body,Ottawa
946,D,"6'3""",217,McCoshen Ian,23,Not Injured,,,,
947,C,"6'1""",193,McDavid Connor,22,Not Injured,,,,
948,D,"6'1""",215,McDonagh Ryan,30,Not Injured,,,,
949,G,"6'2""",203,McElhinney Curtis,36,Injured,2.0,4.0,Knee,Carolina
950,G,"6'2""",203,McElhinney Curtis,36,Injured,2.0,5.0,Lower body,Carolina
951,D,"6'2""",203,McEneny Evan,25,Not Injured,,,,
952,LW,"6'0""",187,McGinn Brock,25,Not Injured,,,,
953,LW,"6'1""",205,McGinn Jamie,30,Injured,1.0,48.0,Back,Florida
954,LW,"6'1""",178,McGregor Ryan,20,Not Injured,,,,
955,D,"6'5""",236,McIlrath Dylan,27,Not Injured,,,,
956,G,"6'2""",206,McIntyre Zane,26,Not Injured,,,,
957,D,"6'1""",194,McIsaac Jared,19,Not Injured,,,,
958,C,"6'0""",194,McKegg Greg,27,Not Injured,,,,
959,G,"6'2""",183,McKenna Mike,36,Not Injured,,,,
960,LW,"6'2""",205,McKenzie Curtis,28,Not Injured,,,,
961,LW,"6'2""",204,McLeod Cody,35,Injured,1.0,14.0,Hand,NY Rangers
962,C,"6'1""",183,McLeod Michael,21,Not Injured,,,,
963,D,"6'4""",212,McNabb Brayden,28,Not Injured,,,,
964,G,"6'1""",212,McNiven Michael,21,Not Injured,,,,
965,D,"6'4""",210,McQuaid Adam,32,Injured,2.0,5.0,Upper body,Columbus
966,D,"6'4""",210,McQuaid Adam,32,Injured,2.0,21.0,Lower body,NY Rangers
967,LW,"6'1""",194,Megan Wade,28,Not Injured,,,,
968,D,"6'6""",225,Megna Jaycob,26,Not Injured,,,,
969,C,"6'1""",194,Megna Jayson,29,Not Injured,,,,
970,RW,"6'0""",210,Meier Timo,22,Injured,2.0,3.0,Upper body,San Jose
971,RW,"6'0""",210,Meier Timo,22,Injured,2.0,1.0,Wrist,San Jose
972,RW,"5'10""",194,Merkley Nicholas,22,Not Injured,,,,
973,D,"6'0""",194,Mermis Dakota,25,Not Injured,,,,
974,D,"6'3""",205,Merrill Jon,27,Not Injured,,,,
975,LW,"6'2""",218,Mersch Michael,26,Not Injured,,,,
976,G,"6'3""",192,Merzlikins Elvis,25,Not Injured,,,,
977,D,"5'9""",183,Mete Victor,21,Injured,1.0,2.0,Hand,Montreal
978,D,"6'4""",230,Methot Marc,34,Injured,3.0,2.0,Lower body,Dallas
979,D,"6'4""",230,Methot Marc,34,Injured,3.0,70.0,Lower body,Dallas
980,D,"6'4""",230,Methot Marc,34,Injured,3.0,1.0,Soreness,Dallas
981,D,"6'3""",210,Middleton Jacob,23,Not Injured,,,,
982,D,"6'4""",185,Mikkola Niko,23,Not Injured,,,,
983,LW,"6'0""",195,Milano Sonny,23,Not Injured,,,,
984,LW,"6'0""",197,Miletic Sam,22,Not Injured,,,,
985,D,"6'1""",196,Miller Colin,26,Injured,1.0,13.0,Upper body,Vegas
986,C,"6'1""",218,Miller J.T.,26,Injured,1.0,6.0,Upper body,Tampa Bay
987,D,"6'2""",210,Miller Kevan,31,Injured,4.0,13.0,Hand,Boston
988,D,"6'2""",210,Miller Kevan,31,Injured,4.0,13.0,Larynx,Boston
989,D,"6'2""",210,Miller Kevan,31,Injured,4.0,1.0,Lower body,Boston
990,D,"6'2""",210,Miller Kevan,31,Injured,4.0,16.0,Upper body,Boston
991,G,"6'2""",168,Miller Ryan,38,Injured,2.0,24.0,Knee,Anaheim
992,G,"6'2""",168,Miller Ryan,38,Injured,2.0,1.0,Lower body,Anaheim
993,G,"6'1""",183,Milner Parker,28,Not Injured,,,,
994,G,"6'1""",174,Miska Hunter,23,Not Injured,,,,
995,C,"5'11""",186,Mitchell Torrey,34,Not Injured,,,,
996,RW,"6'1""",196,Mitchell Zack,26,Not Injured,,,,
997,C,"6'0""",209,Mittelstadt Casey,20,Injured,1.0,2.0,Lower body,Buffalo
998,D,"6'4""",225,Moldenhauer Scott,25,Not Injured,,,,
999,C,"5'11""",171,Molino Griffen,25,Not Injured,,,,
1000,C,"6'2""",200,Monahan Sean,24,Not Injured,,,,
1001,G,"6'3""",195,Montembeault Samuel,22,Not Injured,,,,
1002,D,"6'0""",192,Montour Brandon,25,Not Injured,,,,
1003,G,"6'2""",201,Montoya Al,34,Not Injured,,,,
1004,C,"6'0""",192,Moore Dominic,38,Not Injured,,,,
1005,D,"6'2""",210,Moore John,28,Injured,2.0,3.0,Lower body,Boston
1006,D,"6'2""",210,Moore John,28,Injured,2.0,6.0,Upper body,Boston
1007,RW,"5'8""",168,Moore Ryan,22,Not Injured,,,,
1008,C,"5'10""",175,Moore Trevor,24,Not Injured,,,,
1009,C,"5'10""",179,Morand Antoine,20,Not Injured,,,,
1010,D,"6'4""",212,Moravcik Michal,24,Not Injured,,,,
1011,D,"6'6""",202,Morin Samuel,23,Not Injured,,,,
1012,G,"6'3""",170,Morrison Adam,28,Not Injured,,,,
1013,D,"6'0""",195,Morrissey Josh,24,Injured,3.0,1.0,Lower body,Winnipeg/Atlanta
1014,D,"6'0""",195,Morrissey Josh,24,Injured,3.0,2.0,Lower body,Winnipeg/Atlanta
1015,D,"6'0""",195,Morrissey Josh,24,Injured,3.0,20.0,Upper body,Winnipeg/Atlanta
1016,D,"6'0""",196,Morrow Joe,26,Not Injured,,,,
1017,C,"5'10""",192,Motte Tyler,24,Injured,1.0,6.0,Upper body,Vancouver
1018,RW,"6'1""",194,Moy Tyler,23,Not Injured,,,,
1019,G,"6'1""",190,Mrazek Petr,27,Injured,1.0,9.0,Lower body,Carolina
1020,D,"6'3""",210,Mueller Mirco,24,Injured,1.0,11.0,Shoulder,New Jersey
1021,D,"6'4""",212,Murphy Connor,26,Injured,1.0,30.0,Back,Chicago
1022,D,"5'11""",185,Murphy Ryan,26,Not Injured,,,,
1023,D,"5'10""",181,Murphy Trevor,23,Not Injured,,,,
1024,G,"6'4""",178,Murray Matt,25,Injured,3.0,1.0,Concussion,Pittsburgh
1025,G,"6'4""",178,Murray Matt,25,Injured,3.0,9.0,Lower body,Pittsburgh
1026,G,"6'4""",178,Murray Matt,25,Injured,3.0,1.0,Upper body,Pittsburgh
1027,D,"6'1""",205,Murray Ryan,25,Injured,2.0,1.0,Lower body,Columbus
1028,D,"6'1""",205,Murray Ryan,25,Injured,2.0,24.0,Upper body,Columbus
1029,C,"6'3""",202,Musil Adam,22,Not Injured,,,,
1030,D,"6'3""",213,Muzzin Jake,30,Not Injured,,,,
1031,D,"6'5""",212,Myers Philippe,22,Not Injured,,,,
1032,D,"6'8""",229,Myers Tyler,29,Injured,1.0,2.0,Lower body,Winnipeg/Atlanta
1033,C,"6'0""",184,Namestnikov Vladislav,26,Injured,1.0,3.0,Concussion,NY Rangers
1034,RW,"6'4""",211,Nash Rick,35,Not Injured,,,,
1035,C,"6'1""",190,Nash Riley,30,Not Injured,,,,
1036,C,"6'2""",192,Nattinen Julius,22,Not Injured,,,,
1037,LW,"6'3""",212,Neal James,31,Injured,2.0,17.0,Lower body,Calgary
1038,LW,"6'3""",212,Neal James,31,Injured,2.0,1.0,Upper body,Calgary
1039,C,"6'2""",179,Necas Martin,20,Not Injured,,,,
1040,G,"6'0""",198,Nedeljkovic Alex,23,Not Injured,,,,
1041,C,"6'3""",212,Nelson Brock,27,Not Injured,,,,
1042,D,"6'1""",183,Nelson Casey,26,Injured,1.0,29.0,Upper body,Buffalo
1043,D,"6'3""",219,Nemeth Patrik,27,Injured,1.0,2.0,Upper body,Colorado
1044,D,"5'10""",187,Ness Aaron,29,Not Injured,,,,
1045,G,"6'1""",209,Neuvirth Michal,31,Injured,2.0,9.0,Groin,Philadelphia
1046,G,"6'1""",209,Neuvirth Michal,31,Injured,2.0,42.0,Lower body,Philadelphia
1047,RW,"6'4""",210,Nichushkin Valeri,24,Injured,3.0,2.0,Lower body,Dallas
1048,RW,"6'4""",210,Nichushkin Valeri,24,Injured,3.0,3.0,Lower body,Dallas
1049,RW,"6'4""",210,Nichushkin Valeri,24,Injured,3.0,3.0,Upper body,Dallas
1050,RW,"6'2""",218,Niederreiter Nino,26,Not Injured,,,,
1051,C,"6'1""",188,Nielsen Frans,35,Injured,1.0,5.0,Concussion,Detroit
1052,G,"6'2""",209,Niemi Antti,35,Not Injured,,,,
1053,LW,"5'11""",190,Nieto Matt,26,Injured,2.0,2.0,Lower body,Colorado
1054,LW,"5'11""",190,Nieto Matt,26,Injured,2.0,15.0,Lower body,Colorado
1055,C,"6'3""",210,Nieves Boo,25,Not Injured,,,,
1056,D,"6'1""",176,Niku Sami,22,Not Injured,,,,
1057,G,"6'6""",232,Nilsson Anders,29,Injured,1.0,11.0,Finger,Vancouver
1058,LW,"5'10""",180,Nilsson Jacob,25,Not Injured,,,,
1059,D,"6'1""",203,Niskanen Matt,32,Injured,1.0,2.0,Head,Washington
1060,RW,"6'1""",205,Noesen Stefan,26,Injured,3.0,23.0,Lower body,New Jersey
1061,RW,"6'1""",205,Noesen Stefan,26,Injured,3.0,1.0,Upper body,New Jersey
1062,RW,"6'1""",205,Noesen Stefan,26,Injured,3.0,4.0,Upper body,New Jersey
1063,D,"6'2""",191,Nogier Nelson,23,Not Injured,,,,
1064,C,"6'3""",219,Nolan Jordan,30,Not Injured,,,,
1065,C,"6'1""",194,Nordstrom Joakim,27,Injured,1.0,10.0,Leg,Boston
1066,D,"5'11""",192,Norell Robin,24,Not Injured,,,,
1067,LW,"6'3""",210,Nosek Tomas,26,Injured,1.0,1.0,Lower body,Vegas
1068,C,"6'0""",184,Nugent-Hopkins Ryan,26,Not Injured,,,,
1069,D,"6'4""",221,Nurse Darnell,24,Not Injured,,,,
1070,D,"6'1""",191,Nutivaara Markus,25,Not Injured,,,,
1071,D,"6'3""",190,Nyberg John,22,Not Injured,,,,
1072,LW,"6'1""",196,Nylander Alexander,21,Injured,1.0,2.0,Leg,Buffalo
1073,RW,"6'0""",191,Nylander William,23,Not Injured,,,,
1074,RW,"5'11""",184,Nyquist Gustav,29,Not Injured,,,,
1075,C,"6'2""",202,O'Brien Jim,30,Not Injured,,,,
1076,RW,"5'11""",180,O'Brien Zach,27,Not Injured,,,,
1077,RW,"6'0""",175,O'Connor Logan,22,Not Injured,,,,
1078,D,"6'4""",207,O'Gara Rob,25,Not Injured,,,,
1079,D,"6'1""",190,O'Neill Will,31,Not Injured,,,,
1080,C,"5'10""",185,O'Regan Danny,25,Not Injured,,,,
1081,C,"5'11""",192,O'Reilly Cal,32,Not Injured,,,,
1082,C,"6'1""",216,O'Reilly Ryan,28,Not Injured,,,,
1083,D,"6'0""",191,Oduya Johnny,37,Not Injured,,,,
1084,D,"6'0""",182,Oesterle Jordan,27,Injured,1.0,1.0,Upper body,Arizona/Phoenix
1085,RW,"6'0""",220,Okposo Kyle,31,Injured,1.0,4.0,Concussion,Buffalo
1086,D,"6'7""",255,Oleksiak Jamie,26,Injured,1.0,3.0,Concussion,Pittsburgh
1087,D,"6'0""",190,Oleksy Steve,33,Not Injured,,,,
1088,RW,"6'2""",209,Olivier Mathieu,22,Not Injured,,,,
1089,D,"6'3""",195,Olofsson Gustav,24,Not Injured,,,,
1090,RW,"5'11""",176,Olofsson Victor,23,Not Injured,,,,
1091,RW,"5'11""",168,Olson Kyle,20,Not Injured,,,,
1092,C,"5'11""",185,Olund Linus,22,Not Injured,,,,
1093,G,"6'1""",192,Opilka Luke,22,Not Injured,,,,
1094,D,"5'11""",212,Orlov Dmitry,27,Not Injured,,,,
1095,D,"6'3""",217,Orpik Brooks,38,Injured,1.0,27.0,Lower body,Washington
1096,RW,"5'11""",195,Oshie T.J.,32,Injured,1.0,11.0,Concussion,Washington
1097,D,"6'1""",185,Ouellet Xavier,25,Not Injured,,,,
1098,G,"6'2""",194,Ouellette Martin,27,Not Injured,,,,
1099,LW,"6'3""",235,Ovechkin Alex,33,Not Injured,,,,
1100,C,"6'0""",190,Overhardt Alex,22,Not Injured,,,,
1101,D,"6'2""",210,Ozhiganov Igor,26,Not Injured,,,,
1102,LW,"6'3""",206,Paajarvi Magnus,28,Injured,1.0,2.0,Upper body,Ottawa
1103,LW,"6'2""",206,Pacioretty Max,30,Injured,3.0,3.0,Leg,Vegas
1104,LW,"6'2""",206,Pacioretty Max,30,Injured,3.0,7.0,Lower body,Vegas
1105,LW,"6'2""",206,Pacioretty Max,30,Injured,3.0,4.0,Upper body,Vegas
1106,C,"5'10""",184,Pageau Jean-Gabriel,26,Injured,1.0,42.0,Achilles,Ottawa
1107,LW,"6'0""",188,Palat Ondrej,28,Injured,2.0,16.0,Lower body,Tampa Bay
1108,LW,"6'0""",188,Palat Ondrej,28,Injured,2.0,2.0,Upper body,Tampa Bay
1109,RW,"5'11""",185,Palmieri Kyle,28,Injured,3.0,3.0,Lower body,New Jersey
1110,RW,"5'11""",185,Palmieri Kyle,28,Injured,3.0,4.0,Lower body,New Jersey
1111,RW,"5'11""",185,Palmieri Kyle,28,Injured,3.0,1.0,Upper body,New Jersey
1112,LW,"5'7""",179,Palmu Petrus,21,Not Injured,,,,
1113,LW,"5'11""",168,Panarin Artemi,27,Injured,1.0,1.0,Lower body,Columbus
1114,RW,"6'1""",208,Panik Richard,28,Not Injured,,,,
1115,C,"6'1""",198,Paquette Cedric,25,Injured,1.0,1.0,Lower body,Tampa Bay
1116,D,"6'6""",230,Parayko Colton,26,Not Injured,,,,
1117,LW,"5'11""",193,Parise Zach,34,Injured,2.0,1.0,Foot,Minnesota
1118,LW,"5'11""",193,Parise Zach,34,Injured,2.0,4.0,Lower body,Minnesota
1119,G,"6'1""",185,Parsons Tyler,21,Not Injured,,,,
1120,G,"6'3""",215,Pasquale Edward,28,Not Injured,,,,
1121,RW,"6'0""",194,Pastrnak David,23,Injured,1.0,16.0,Thumb,Boston
1122,D,"6'3""",223,Pateryn Greg,29,Not Injured,,,,
1123,C,"6'2""",198,Patrick Nolan,20,Injured,4.0,1.0,Upper body,Philadelphia
1124,C,"6'2""",198,Patrick Nolan,20,Injured,4.0,2.0,Upper body,Philadelphia
1125,C,"6'2""",198,Patrick Nolan,20,Injured,4.0,3.0,Upper body,Philadelphia
1126,C,"6'2""",198,Patrick Nolan,20,Injured,4.0,4.0,Upper body,Philadelphia
1127,LW,"6'4""",230,Paul Nicholas,24,Not Injured,,,,
1128,G,"6'3""",212,Pavelec Ondrej,31,Not Injured,,,,
1129,C,"5'11""",190,Pavelski Joe,34,Injured,1.0,7.0,Lower body,San Jose
1130,RW,"5'11""",195,Payne Robbie,26,Not Injured,,,,
1131,LW,"6'1""",201,Pearson Tanner,26,Not Injured,,,,
1132,C,"5'9""",182,Peca Matthew,26,Not Injured,,,,
1133,D,"6'3""",205,Peeke Andrew,21,Not Injured,,,,
1134,RW,"6'0""",170,Pekar Matej,19,Not Injured,,,,
1135,D,"6'3""",218,Pelech Adam,24,Not Injured,,,,
1136,RW,"6'3""",235,Peluso Anthony,30,Not Injured,,,,
1137,LW,"6'3""",211,Perlini Brendan,23,Injured,1.0,3.0,Concussion,Chicago
1138,LW,"5'10""",188,Perreault Mathieu,31,Not Injured,,,,
1139,LW,"6'0""",200,Perron David,31,Injured,1.0,24.0,Concussion,St. Louis
1140,RW,"6'0""",166,Perron Francis,23,Not Injured,,,,
1141,RW,"6'3""",206,Perry Corey,34,Injured,1.0,51.0,Knee,Anaheim
1142,C,"6'1""",205,Persson Carl,24,Not Injured,,,,
1143,D,"6'3""",206,Pesce Brett,24,Injured,1.0,9.0,Lower body,Carolina
1144,LW,"5'9""",179,Petan Nic,24,Not Injured,,,,
1145,G,"6'1""",182,Petersen Cal,24,Not Injured,,,,
1146,D,"6'4""",216,Petrovic Alex,27,Injured,1.0,6.0,Concussion,Edmonton
1147,D,"6'3""",197,Petry Jeff,31,Not Injured,,,,
1148,C,"6'2""",176,Pettersson Elias,20,Injured,2.0,6.0,Concussion,Vancouver
1149,C,"6'2""",176,Pettersson Elias,20,Injured,2.0,5.0,Knee,Vancouver
1150,C,"6'2""",185,Pettersson Emil,25,Not Injured,,,,
1151,D,"6'3""",177,Pettersson Marcus,23,Not Injured,,,,
1152,D,"6'4""",222,Phaneuf Dion,34,Injured,1.0,7.0,Upper body,Los Angeles
1153,LW,"5'11""",185,Phelan James,22,Not Injured,,,,
1154,C,"5'7""",161,Phillips Matthew,21,Not Injured,,,,
1155,G,"6'1""",175,Phinney Colton,26,Not Injured,,,,
1156,RW,"6'0""",190,Piccinich J.J.,23,Not Injured,,,,
1157,G,"6'1""",207,Pickard Calvin,27,Not Injured,,,,
1158,LW,"5'11""",200,Pietila Blake,26,Not Injured,,,,
1159,D,"6'3""",210,Pietrangelo Alex,29,Injured,1.0,11.0,Hand,St. Louis
1160,D,"5'11""",191,Pilut Lawrence,23,Injured,1.0,3.0,Lower body,Buffalo
1161,D,"6'0""",186,Pionk Neal,23,Injured,3.0,1.0,Eye,NY Rangers
1162,D,"6'0""",186,Pionk Neal,23,Injured,3.0,1.0,Lower body,NY Rangers
1163,D,"6'0""",186,Pionk Neal,23,Injured,3.0,3.0,Lower body,NY Rangers
1164,C,"6'0""",186,Pirri Brandon,28,Injured,2.0,4.0,Lower body,Vegas
1165,C,"6'0""",186,Pirri Brandon,28,Injured,2.0,2.0,Neck,Vegas
1166,C,"5'9""",194,Pitlick Rem,22,Not Injured,,,,
1167,C,"6'2""",200,Pitlick Tyler,27,Injured,1.0,30.0,Wrist,Dallas
1168,C,"5'11""",193,Plekanec Tomas,36,Injured,1.0,10.0,Back,Montreal
1169,LW,"5'10""",187,Plouffe Derian,24,Not Injured,,,,
1170,LW,"6'2""",185,Poehling Ryan,20,Not Injured,,,,
1171,LW,"6'1""",198,Poganski Austin,23,Not Injured,,,,
1172,C,"5'10""",166,Point Brayden,23,Injured,1.0,1.0,Lower body,Tampa Bay
1173,D,"6'2""",240,Polak Roman,33,Not Injured,,,,
1174,RW,"6'0""",180,Pominville Jason,36,Not Injured,,,,
1175,LW,"6'2""",197,Pooley Scott,25,Not Injured,,,,
1176,D,"6'3""",210,Poolman Tucker,26,Not Injured,,,,
1177,LW,"6'0""",190,Porter Kevin,33,Not Injured,,,,
1178,C,"6'2""",195,Pospisil Kristian,23,Not Injured,,,,
1179,D,"6'3""",195,Postma Paul,30,Not Injured,,,,
1180,LW,"6'3""",200,Pouliot Benoit,32,Not Injured,,,,
1181,D,"6'0""",196,Pouliot Derrick,25,Not Injured,,,,
1182,G,"6'3""",215,Price Carey,31,Injured,1.0,3.0,Lower body,Montreal
1183,LW,"5'11""",193,Prince Shane,26,Not Injured,,,,
1184,D,"6'2""",201,Prosser Nate,33,Not Injured,,,,
1185,D,"6'3""",215,Prout Dalton,29,Not Injured,,,,
1186,D,"6'1""",201,Provorov Ivan,22,Not Injured,,,,
1187,D,"5'11""",180,Prow Ethan,26,Not Injured,,,,
1188,RW,"6'2""",191,Pu Cliff,21,Not Injured,,,,
1189,LW,"6'2""",168,Pucek Roman,19,Not Injured,,,,
1190,LW,"6'2""",204,Puempel Matthew,26,Not Injured,,,,
1191,RW,"6'4""",201,Puljujarvi Jesse,21,Injured,1.0,25.0,Hip,Edmonton
1192,D,"6'2""",217,Pulock Ryan,24,Not Injured,,,,
1193,C,"5'11""",185,Pyatt Tom,32,Not Injured,,,,
1194,D,"6'2""",192,Pyrochta Filip,23,Not Injured,,,,
1195,D,"6'1""",200,Pysyk Mark,27,Injured,1.0,6.0,Upper body,Florida
1196,C,"6'1""",195,Quenneville John,23,Injured,2.0,2.0,Upper body,New Jersey
1197,C,"6'1""",195,Quenneville John,23,Injured,2.0,4.0,Upper body,New Jersey
1198,G,"6'1""",216,Quick Jonathan,33,Injured,2.0,13.0,Knee,Los Angeles
1199,G,"6'1""",216,Quick Jonathan,33,Injured,2.0,5.0,Lower body,Los Angeles
1200,C,"6'0""",203,Quine Alan,26,Not Injured,,,,
1201,G,"6'0""",195,Raanta Antti,30,Injured,2.0,59.0,Knee,Arizona/Phoenix
1202,G,"6'0""",195,Raanta Antti,30,Injured,2.0,7.0,Lower body,Arizona/Phoenix
1203,G,"6'1""",186,Raaymakers Joseph,21,Not Injured,,,,
1204,RW,"6'2""",198,Raddysh Taylor,21,Not Injured,,,,
1205,LW,"6'4""",200,Radil Lukas,28,Injured,1.0,4.0,Lower body,San Jose
1206,LW,"6'1""",205,Radulov Alexander,33,Injured,2.0,4.0,Lower body,Dallas
1207,LW,"6'1""",205,Radulov Alexander,33,Injured,2.0,6.0,Lower body,Dallas
1208,D,"6'1""",191,Rafferty Brogan,24,Not Injured,,,,
1209,LW,"6'0""",200,Raffl Michael,30,Injured,1.0,14.0,Lower body,Philadelphia
1210,C,"6'1""",202,Rakell Rickard,26,Injured,1.0,13.0,Ankle,Anaheim
1211,RW,"6'1""",198,Randell Tyler,28,Not Injured,,,,
1212,RW,"6'4""",215,Rantanen Mikko,22,Not Injured,,,,
1213,G,"6'3""",176,Rask Tuukka,32,Injured,1.0,1.0,Concussion,Boston
1214,C,"6'2""",200,Rask Victor,26,Injured,2.0,20.0,Hand,Carolina
1215,C,"6'2""",200,Rask Victor,26,Injured,2.0,12.0,Lower body,Minnesota
1216,C,"6'6""",221,Rasmussen Michael,20,Injured,2.0,10.0,Hamstring,Detroit
1217,C,"6'6""",221,Rasmussen Michael,20,Injured,2.0,8.0,Upper body,Detroit
1218,RW,"6'0""",183,Rattie Ty,26,Injured,1.0,7.0,Mid-body,Edmonton
1219,C,"5'8""",178,Rau Kyle,26,Not Injured,,,,
1220,RW,"5'10""",185,Read Matt,33,Not Injured,,,,
1221,RW,"6'1""",225,Reaves Ryan,32,Not Injured,,,,
1222,G,"6'1""",200,Redmond Angus,23,Not Injured,,,,
1223,D,"6'2""",212,Redmond Zach,30,Not Injured,,,,
1224,D,"6'2""",201,Regula Alec,18,Not Injured,,,,
1225,D,"6'2""",193,Reilly Mike,25,Not Injured,,,,
1226,G,"6'2""",220,Reimer James,31,Injured,1.0,5.0,Lower body,Florida
1227,D,"6'4""",212,Reinhart Griffin,25,Not Injured,,,,
1228,RW,"6'1""",192,Reinhart Sam,23,Not Injured,,,,
1229,D,"5'11""",181,Reinke Mitch,23,Not Injured,,,,
1230,RW,"5'10""",165,Rempal Sheldon,23,Not Injured,,,,
1231,D,"6'2""",205,Renouf Dan,25,Not Injured,,,,
1232,C,"5'10""",176,Richard Anthony,22,Not Injured,,,,
1233,C,"6'0""",190,Richardson Brad,34,Injured,1.0,13.0,Upper body,Arizona/Phoenix
1234,RW,"5'11""",186,Rieder Tobias,26,Injured,1.0,13.0,Upper body,Edmonton
1235,D,"6'1""",221,Rielly Morgan,25,Not Injured,,,,
1236,D,"6'0""",189,Riikola Juuso,25,Not Injured,,,,
1237,LW,"5'10""",192,Rinaldo Zac,29,Injured,2.0,2.0,Lower body,Nashville
1238,LW,"5'10""",192,Rinaldo Zac,29,Injured,2.0,30.0,Shoulder,Nashville
1239,G,"6'5""",217,Rinne Pekka,36,Not Injured,,,,
1240,D,"6'4""",218,Ristolainen Rasmus,24,Not Injured,,,,
1241,RW,"6'4""",220,Ritchie Brett,26,Injured,4.0,1.0,Hand,Dallas
1242,RW,"6'4""",220,Ritchie Brett,26,Injured,4.0,2.0,Hand,Dallas
1243,RW,"6'4""",220,Ritchie Brett,26,Injured,4.0,1.0,Upper body,Dallas
1244,RW,"6'4""",220,Ritchie Brett,26,Injured,4.0,4.0,Upper body,Dallas
1245,LW,"6'2""",234,Ritchie Nick,23,Injured,3.0,2.0,Lower body,Anaheim
1246,LW,"6'2""",234,Ritchie Nick,23,Injured,3.0,4.0,Upper body,Anaheim
1247,LW,"6'2""",234,Ritchie Nick,23,Injured,3.0,6.0,Upper body,Anaheim
1248,G,"6'3""",206,Rittich David,26,Injured,1.0,2.0,Lower body,Calgary
1249,RW,"6'5""",235,Robinson Buddy,27,Not Injured,,,,
1250,LW,"6'2""",201,Robinson Eric,24,Not Injured,,,,
1251,G,"6'2""",176,Robson Mat,23,Not Injured,,,,
1252,G,"6'2""",169,Robson Matt,23,Not Injured,,,,
1253,RW,"6'2""",189,Rodewald Jack,25,Injured,1.0,4.0,Abdominal,Ottawa
1254,RW,"5'11""",185,Rodin Anton,28,Not Injured,,,,
1255,LW,"5'11""",182,Rodrigues Evan,25,Injured,1.0,2.0,Upper body,Buffalo
1256,C,"6'2""",190,Rooney Kevin,26,Not Injured,,,,
1257,D,"6'1""",195,Rosen Calle,25,Not Injured,,,,
1258,C,"6'1""",182,Roslovic Jack,22,Not Injured,,,,
1259,LW,"5'11""",199,Roussel Antoine,29,Injured,3.0,4.0,Concussion,Vancouver
1260,LW,"5'11""",199,Roussel Antoine,29,Injured,3.0,12.0,Knee,Vancouver
1261,LW,"5'11""",199,Roussel Antoine,29,Injured,3.0,1.0,Upper body,Vancouver
1262,RW,"6'2""",206,Rowney Carter,30,Injured,1.0,20.0,Upper body,Anaheim
1263,LW,"5'9""",170,Roy Kevin,26,Not Injured,,,,
1264,D,"6'1""",200,Roy Matt,24,Not Injured,,,,
1265,C,"6'4""",209,Roy Nicolas,22,Not Injured,,,,
1266,LW,"6'0""",189,Roykas Marthinsen Kristian,19,Not Injured,,,,
1267,D,"6'4""",215,Rubins Kristians,21,Not Injured,,,,
1268,D,"5'11""",191,Ruhwedel Chad,29,Injured,1.0,19.0,Upper body,Pittsburgh
1269,D,"5'10""",170,Russell Kris,32,Injured,1.0,10.0,Groin,Edmonton
1270,RW,"6'1""",205,Russell Patrick,26,Not Injured,,,,
1271,RW,"5'11""",192,Rust Bryan,27,Injured,2.0,1.0,Lower body,Pittsburgh
1272,RW,"5'11""",192,Rust Bryan,27,Injured,2.0,9.0,Lower body,Pittsburgh
1273,D,"6'3""",200,Rutta Jan,28,Not Injured,,,,
1274,C,"6'4""",209,Ruzicka Adam,20,Not Injured,,,,
1275,RW,"6'2""",209,Ryan Bobby,32,Injured,1.0,3.0,Concussion,Ottawa
1276,C,"5'10""",185,Ryan Derek,32,Not Injured,,,,
1277,D,"5'11""",185,Ryan Joakim,26,Not Injured,,,,
1278,LW,"6'1""",205,Rychel Kerby,24,Not Injured,,,,
1279,C,"6'0""",187,Rymsha Drake,20,Not Injured,,,,
1280,LW,"6'1""",206,Saad Brandon,26,Injured,1.0,2.0,Arm,Chicago
1281,C,"5'11""",200,Saarela Aleksi,22,Not Injured,,,,
1282,RW,"5'11""",203,Salomaki Miikka,26,Injured,1.0,34.0,Upper body,Nashville
1283,G,"6'2""",205,Samsonov Ilya,22,Not Injured,,,,
1284,LW,"6'4""",207,Sanford Zach,24,Injured,1.0,3.0,Concussion,St. Louis
1285,D,"6'3""",181,Sanheim Travis,23,Not Injured,,,,
1286,D,"6'2""",205,Santini Steve,24,Not Injured,,,,
1287,G,"5'11""",180,Saros Juuse,24,Not Injured,,,,
1288,G,"6'1""",205,Sateri Harri,29,Not Injured,,,,
1289,D,"6'0""",195,Sautner Ashton,25,Not Injured,,,,
1290,D,"6'2""",227,Savard David,28,Not Injured,,,,
1291,D,"6'3""",204,Sbisa Luca,29,Not Injured,,,,
1292,D,"6'3""",208,Scandella Marco,29,Injured,5.0,1.0,Lower body,Buffalo
1293,D,"6'3""",208,Scandella Marco,29,Injured,5.0,4.0,Lower body,Buffalo
1294,D,"6'3""",208,Scandella Marco,29,Injured,5.0,1.0,Upper body,Buffalo
1295,D,"6'3""",208,Scandella Marco,29,Injured,5.0,4.0,Upper body,Buffalo
1296,D,"6'3""",208,Scandella Marco,29,Injured,5.0,8.0,Vertigo,Buffalo
1297,D,"6'1""",180,Scarlett Reece,26,Not Injured,,,,
1298,C,"6'0""",192,Sceviour Colton,30,Injured,1.0,17.0,Hand,Florida
1299,C,"6'2""",204,Schaller Tim,28,Not Injured,,,,
1300,C,"6'3""",207,Scheifele Mark,26,Not Injured,,,,
1301,RW,"6'1""",200,Schenn Brayden,27,Injured,2.0,4.0,Upper body,St. Louis
1302,RW,"6'1""",200,Schenn Brayden,27,Injured,2.0,6.0,Upper body,St. Louis
1303,D,"6'2""",229,Schenn Luke,29,Not Injured,,,,
1304,RW,"6'1""",192,Scherbak Nikita,23,Injured,2.0,1.0,Lower body,Los Angeles
1305,RW,"6'1""",192,Scherbak Nikita,23,Injured,2.0,8.0,Lower body,Montreal
1306,D,"6'2""",196,Schilling Cameron,30,Not Injured,,,,
1307,D,"6'0""",190,Schlemko David,32,Injured,2.0,16.0,Knee,Montreal
1308,D,"6'0""",190,Schlemko David,32,Injured,2.0,7.0,Upper body,Montreal
1309,D,"6'2""",190,Schmaltz Jordan,25,Not Injured,,,,
1310,C,"6'0""",177,Schmaltz Nick,23,Injured,1.0,43.0,Lower body,Arizona/Phoenix
1311,G,"6'4""",168,Schmid Akira,19,Not Injured,,,,
1312,D,"6'1""",194,Schmidt Nate,27,Not Injured,,,,
1313,G,"6'3""",200,Schneider Cory,33,Injured,2.0,17.0,Abdominal,New Jersey
1314,G,"6'3""",200,Schneider Cory,33,Injured,2.0,8.0,Hip,New Jersey
1315,C,"5'9""",170,Schroeder Jordan,28,Not Injured,,,,
1316,D,"6'1""",205,Schuldt Jimmy,24,Not Injured,,,,
1317,D,"6'2""",193,Schultz Justin,28,Injured,1.0,53.0,Leg,Pittsburgh
1318,LW,"5'10""",190,Schwartz Jaden,27,Injured,2.0,2.0,Foot,St. Louis
1319,LW,"5'10""",190,Schwartz Jaden,27,Injured,2.0,11.0,Upper body,St. Louis
1320,G,"6'4""",184,Scott Ian,20,Not Injured,,,,
1321,D,"6'3""",220,Seabrook Brent,34,Injured,1.0,3.0,Abdominal,Chicago
1322,C,"6'0""",205,Sedlak Lukas,26,Not Injured,,,,
1323,D,"6'2""",198,Seeler Nick,26,Injured,1.0,2.0,Upper body,Minnesota
1324,C,"6'1""",200,Seguin Tyler,27,Not Injured,,,,
1325,D,"6'0""",199,Seidenberg Dennis,37,Not Injured,,,,
1326,D,"6'0""",200,Sekera Andrej,33,Injured,1.0,58.0,Achilles,Edmonton
1327,LW,"5'9""",156,Seney Brett,23,Not Injured,,,,
1328,RW,"6'1""",192,Senyshyn Zach,22,Not Injured,,,,
1329,D,"6'3""",215,Sergachev Mikhail,21,Not Injured,,,,
1330,D,"6'2""",205,Severson Damon,24,Not Injured,,,,
1331,D,"6'0""",206,Shattenkirk Kevin,30,Injured,1.0,7.0,Shoulder,NY Rangers
1332,RW,"5'11""",182,Shaw Andrew,27,Injured,1.0,15.0,Neck,Montreal
1333,RW,"6'3""",208,Shaw Logan,26,Not Injured,,,,
1334,C,"6'3""",214,Sheahan Riley,27,Not Injured,,,,
1335,LW,"5'8""",175,Sheary Conor,27,Injured,1.0,4.0,Upper body,Buffalo
1336,RW,"6'0""",194,Sherwood Kiefer,24,Not Injured,,,,
1337,RW,"6'1""",202,Sherwood Kole,22,Not Injured,,,,
1338,C,"6'1""",205,Shore Devin,24,Injured,2.0,2.0,Knee,Anaheim
1339,C,"6'1""",205,Shore Devin,24,Injured,2.0,4.0,Lower body,Dallas
1340,C,"6'1""",195,Shore Nick,26,Not Injured,,,,
1341,D,"6'3""",206,Siegenthaler Jonas,22,Not Injured,,,,
1342,D,"6'3""",210,Siemens Duncan,25,Not Injured,,,,
1343,C,"5'11""",158,Sikura Dylan,24,Not Injured,,,,
1344,RW,"6'1""",204,Silfverberg Jakob,28,Injured,2.0,5.0,Finger,Anaheim
1345,RW,"6'1""",204,Silfverberg Jakob,28,Injured,2.0,4.0,Lower body,Anaheim
1346,D,"5'11""",200,Simek Radim,26,Not Injured,,,,
1347,RW,"6'2""",185,Simmonds Wayne,30,Not Injured,,,,
1348,C,"5'11""",190,Simon Dominik,24,Injured,1.0,8.0,Lower body,Pittsburgh
1349,D,"6'2""",205,Simpson Dillon,26,Not Injured,,,,
1350,C,"6'1""",200,Sissons Colton,25,Injured,1.0,7.0,Ankle,Nashville
1351,LW,"5'11""",200,Skinner Jeff,27,Not Injured,,,,
1352,D,"6'3""",214,Skjei Brady,25,Injured,1.0,1.0,Knee,NY Rangers
1353,D,"5'11""",181,Sklenicka David,22,Not Injured,,,,
1354,D,"6'3""",207,Slavin Jaccob,25,Not Injured,,,,
1355,RW,"6'2""",221,Slepyshev Anton,25,Not Injured,,,,
1356,D,"6'2""",195,Smith Brendan,30,Injured,1.0,2.0,Upper body,NY Rangers
1357,LW,"5'11""",181,Smith C.J.,24,Not Injured,,,,
1358,RW,"6'1""",208,Smith Craig,29,Injured,1.0,6.0,Lower body,Nashville
1359,C,"5'10""",190,Smith Gemel,25,Not Injured,,,,
1360,G,"6'0""",178,Smith Jeremy,30,Not Injured,,,,
1361,G,"6'5""",220,Smith Mike,37,Not Injured,,,,
1362,RW,"6'0""",185,Smith Reilly,28,Not Injured,,,,
1363,LW,"6'2""",208,Smith Zack,31,Injured,2.0,3.0,Back,Ottawa
1364,LW,"6'2""",208,Smith Zack,31,Injured,2.0,9.0,Facial,Ottawa
1365,RW,"6'0""",223,Smith-Pelly Devante,27,Not Injured,,,,
1366,LW,"5'10""",184,Sobotka Vladimir,32,Injured,2.0,3.0,Upper body,Buffalo
1367,LW,"5'10""",184,Sobotka Vladimir,32,Injured,2.0,5.0,Upper body,Buffalo
1368,C,"6'3""",210,Soderberg Carl,33,Not Injured,,,,
1369,C,"6'1""",181,Somppi Otto,21,Not Injured,,,,
1370,LW,"5'11""",175,Sorensen Marcus,27,Injured,1.0,2.0,Mouth,San Jose
1371,RW,"5'11""",185,Soshnikov Nikita,25,Injured,1.0,10.0,Concussion,St. Louis
1372,D,"6'6""",243,Sosunov Oleg,21,Not Injured,,,,
1373,D,"6'5""",208,Soucy Carson,24,Not Injured,,,,
1374,C,"5'11""",172,Soy Tyler,22,Not Injured,,,,
1375,G,"6'3""",201,Sparks Garret,26,Injured,1.0,5.0,Concussion,Toronto
1376,D,"6'2""",203,Spencer Matt,22,Not Injured,,,,
1377,C,"6'3""",215,Spezza Jason,36,Not Injured,,,,
1378,C,"5'11""",191,Spooner Ryan,27,Injured,2.0,1.0,Lower body,NY Rangers
1379,C,"5'11""",191,Spooner Ryan,27,Injured,2.0,11.0,Groin,Vancouver
1380,RW,"6'0""",180,Sprong Daniel,22,Not Injured,,,,
1381,D,"6'4""",205,Sproul Ryan,26,Not Injured,,,,
1382,D,"5'9""",167,Spurgeon Jared,29,Not Injured,,,,
1383,C,"6'4""",207,Staal Eric,34,Not Injured,,,,
1384,C,"6'4""",220,Staal Jordan,30,Injured,2.0,5.0,Concussion,Carolina
1385,C,"6'4""",220,Staal Jordan,30,Injured,2.0,27.0,Concussion,Carolina
1386,D,"6'4""",213,Staal Marc,32,Injured,1.0,2.0,Lower body,NY Rangers
1387,RW,"6'2""",215,Stafford Drew,33,Injured,1.0,4.0,Upper body,New Jersey
1388,C,"6'1""",195,Stajan Matt,35,Not Injured,,,,
1389,G,"6'0""",198,Stalock Alex,31,Not Injured,,,,
1390,C,"6'1""",194,Stamkos Steven,29,Not Injured,,,,
1391,D,"6'7""",231,Stanley Logan,21,Not Injured,,,,
1392,G,"6'5""",195,Starrett Shane,24,Not Injured,,,,
1393,C,"6'0""",193,Stastny Paul,33,Injured,1.0,30.0,Lower body,Vegas
1394,D,"5'10""",186,Stecher Troy,25,Injured,1.0,3.0,Concussion,Vancouver
1395,C,"6'0""",180,Steel Sam,21,Not Injured,,,,
1396,LW,"6'0""",211,Steen Alexander,35,Not Injured,,,,
1397,RW,"5'11""",195,Stempniak Lee,36,Not Injured,,,,
1398,C,"6'4""",210,Stenlund Kevin,22,Not Injured,,,,
1399,C,"6'0""",196,Stepan Derek,29,Injured,1.0,10.0,Leg,Arizona/Phoenix
1400,D,"6'2""",199,Stephens Devante,22,Not Injured,,,,
1401,C,"6'0""",203,Stephenson Chandler,25,Not Injured,,,,
1402,C,"6'2""",204,Stevens John,25,Not Injured,,,,
1403,RW,"6'2""",242,Stewart Chris,31,Not Injured,,,,
1404,D,"6'2""",195,Stillman Riley,21,Not Injured,,,,
1405,G,"6'6""",210,Stolarz Anthony,25,Injured,1.0,16.0,Lower body,Philadelphia
1406,RW,"6'4""",219,Stone Mark,27,Not Injured,,,,
1407,D,"6'3""",210,Stone Michael,29,Injured,1.0,49.0,Blood clots,Calgary
1408,D,"6'4""",216,Stoner Clayton,34,Not Injured,,,,
1409,C,"6'0""",177,Stotts Riley,19,Not Injured,,,,
1410,D,"5'11""",190,Stralman Anton,32,Injured,2.0,12.0,Lower body,Tampa Bay
1411,D,"5'11""",190,Stralman Anton,32,Injured,2.0,17.0,Upper body,Tampa Bay
1412,C,"5'11""",200,Street Ben,32,Not Injured,,,,
1413,C,"6'3""",200,Strome Dylan,22,Not Injured,,,,
1414,C,"6'1""",194,Strome Ryan,25,Not Injured,,,,
1415,RW,"6'0""",165,Studenic Marian,20,Not Injured,,,,
1416,C,"6'1""",171,Studnicka Jack,20,Not Injured,,,,
1417,G,"6'2""",200,Subban Malcolm,25,Not Injured,,,,
1418,D,"6'0""",210,Subban P.K.,30,Injured,1.0,19.0,Upper body,Nashville
1419,D,"6'2""",207,Sulak Libor,25,Not Injured,,,,
1420,C,"6'3""",209,Sundqvist Oskar,25,Injured,1.0,8.0,Upper body,St. Louis
1421,C,"6'0""",180,Suomela Antti,25,Not Injured,,,,
1422,D,"6'7""",220,Sustr Andrej,28,Not Injured,,,,
1423,D,"6'2""",208,Suter Ryan,34,Not Injured,,,,
1424,C,"6'3""",190,Sutter Brandon,30,Injured,2.0,26.0,Hernia,Vancouver
1425,C,"6'3""",190,Sutter Brandon,30,Injured,2.0,30.0,Shoulder,Vancouver
1426,RW,"6'2""",195,Svechnikov Andrei,19,Not Injured,,,,
1427,LW,"6'2""",199,Svechnikov Evgeny,22,Not Injured,,,,
1428,G,"6'3""",192,Svoboda Miroslav,24,Not Injured,,,,
1429,RW,"5'11""",200,Szwarz Jordan,28,Not Injured,,,,
1430,G,"6'4""",196,Talbot Cam,32,Not Injured,,,,
1431,LW,"5'10""",176,Tammela Jonne,21,Not Injured,,,,
1432,LW,"6'0""",180,Tanev Brandon,27,Injured,1.0,2.0,Finger,Winnipeg/Atlanta
1433,D,"6'2""",197,Tanev Christopher,29,Not Injured,,,,
1434,LW,"6'4""",221,Tangradi Eric,30,Not Injured,,,,
1435,D,"5'10""",182,Taormina Matt,32,Not Injured,,,,
1436,RW,"6'0""",225,Tarasenko Vladimir,27,Injured,1.0,5.0,Upper body,St. Louis
1437,LW,"5'10""",182,Tatar Tomas,28,Not Injured,,,,
1438,C,"6'1""",209,Tavares John,28,Not Injured,,,,
1439,D,"5'11""",181,Taylor  Jeff,25,Not Injured,,,,
1440,D,"6'2""",205,Tennyson Matt,29,Not Injured,,,,
1441,LW,"5'11""",191,Teravainen Teuvo,24,Not Injured,,,,
1442,LW,"5'10""",191,Terry Chris,30,Not Injured,,,,
1443,RW,"6'1""",175,Terry Troy,21,Injured,1.0,3.0,Leg,Anaheim
1444,D,"6'0""",180,Teves Josh,24,Not Injured,,,,
1445,C,"6'0""",174,Texier Alexandre,19,Not Injured,,,,
1446,D,"6'2""",195,Theodore Shea,23,Not Injured,,,,
1447,D,"6'1""",190,Thomas Ben,23,Not Injured,,,,
1448,C,"6'0""",188,Thomas Robert,20,Injured,1.0,7.0,Shoulder,St. Louis
1449,C,"6'1""",207,Thompson Nate,34,Not Injured,,,,
1450,RW,"6'5""",205,Thompson Tage,21,Not Injured,,,,
1451,LW,"6'3""",215,Thomson Ben,26,Not Injured,,,,
1452,RW,"6'3""",235,Thorburn Chris,36,Not Injured,,,,
1453,C,"6'4""",220,Thornton Joe,40,Injured,1.0,9.0,Knee,San Jose
1454,D,"6'1""",200,Thrower Josh,23,Not Injured,,,,
1455,C,"6'1""",195,Tierney Chris,25,Not Injured,,,,
1456,D,"6'2""",184,Timmins Conor,20,Not Injured,,,,
1457,D,"6'6""",229,Tinordi Jarred,27,Not Injured,,,,
1458,LW,"6'3""",196,Tkachuk Brady,19,Injured,2.0,2.0,Groin,Ottawa
1459,LW,"6'3""",196,Tkachuk Brady,19,Injured,2.0,9.0,Leg,Ottawa
1460,LW,"6'2""",202,Tkachuk Matthew,21,Not Injured,,,,
1461,D,"6'1""",191,Toews Devon,25,Not Injured,,,,
1462,C,"6'2""",201,Toews Jonathan,31,Not Injured,,,,
1463,RW,"6'0""",197,Toffoli Tyler,27,Not Injured,,,,
1464,G,"6'0""",204,Tokarski Dustin,29,Not Injured,,,,
1465,RW,"5'10""",191,Tolvanen Eeli,20,Not Injured,,,,
1466,C,"6'2""",200,Toninato Dominic,25,Not Injured,,,,
1467,RW,"6'3""",187,Toropchenko Alexey,20,Not Injured,,,,
1468,C,"6'2""",201,Trenin Yakov,22,Not Injured,,,,
1469,C,"5'10""",186,Trocheck Vincent,25,Injured,1.0,27.0,Ankle,Florida
1470,RW,"6'0""",185,Tropp Corey,29,Not Injured,,,,
1471,D,"6'3""",217,Trotman Zach,28,Not Injured,,,,
1472,D,"6'3""",202,Trouba Jacob,25,Not Injured,,,,
1473,C,"6'5""",200,True Alexander,21,Not Injured,,,,
1474,RW,"6'4""",222,Tuch Alex,23,Not Injured,,,,
1475,C,"6'2""",196,Turgeon Dominic,23,Not Injured,,,,
1476,C,"6'1""",190,Turris Kyle,29,Injured,1.0,17.0,Lower body,Nashville
1477,D,"6'3""",192,Tyszka Jarret,20,Not Injured,,,,
1478,G,"6'4""",221,Ullmark Linus,25,Not Injured,,,,
1479,C,"6'2""",194,Ullstrom David,30,Not Injured,,,,
1480,LW,"6'0""",200,Upshall Scottie,35,Not Injured,,,,
1481,D,"6'1""",185,Vaakanainen Urho,20,Injured,1.0,26.0,Concussion,Boston
1482,D,"6'5""",210,Vala Ondrej,21,Not Injured,,,,
1483,D,"6'2""",188,Valiev Rinat,24,Not Injured,,,,
1484,D,"6'2""",212,Valimaki Juuso,20,Injured,1.0,28.0,Lower body,Calgary
1485,G,"6'1""",190,Vanecek Vitek,23,Not Injured,,,,
1486,LW,"6'2""",214,Vanek Thomas,35,Injured,3.0,3.0,Hip,Detroit
1487,LW,"6'2""",214,Vanek Thomas,35,Injured,3.0,8.0,Lower body,Detroit
1488,LW,"6'2""",214,Vanek Thomas,35,Injured,3.0,7.0,Mid-body,Detroit
1489,G,"6'2""",205,Varlamov Semyon,31,Injured,1.0,2.0,Lower body,Colorado
1490,C,"5'10""",183,Varone Philip,28,Not Injured,,,,
1491,G,"6'3""",207,Vasilevskiy Andrei,24,Injured,1.0,14.0,Foot,Tampa Bay
1492,D,"5'10""",185,Vatanen Sami,28,Injured,2.0,14.0,Concussion,New Jersey
1493,D,"5'10""",185,Vatanen Sami,28,Injured,2.0,3.0,Lower body,New Jersey
1494,C,"5'9""",201,Vatrano Frank,25,Not Injured,,,,
1495,C,"6'1""",194,Veleno Joe,19,Not Injured,,,,
1496,C,"5'10""",183,Verbeek Hayden,21,Not Injured,,,,
1497,C,"6'1""",197,Vermette Antoine,36,Not Injured,,,,
1498,LW,"5'11""",176,Versteeg Kris,33,Not Injured,,,,
1499,RW,"6'3""",207,Vesalainen Kristian,20,Not Injured,,,,
1500,LW,"6'3""",199,Vesey Jimmy,26,Not Injured,,,,
1501,C,"6'3""",205,Vilardi Gabriel,19,Not Injured,,,,
1502,RW,"6'1""",226,Virtanen Jake,22,Injured,2.0,2.0,Lower body,Vancouver
1503,RW,"6'1""",226,Virtanen Jake,22,Injured,2.0,10.0,Ribs,Vancouver
1504,G,"6'5""",185,Vladar Daniel,21,Not Injured,,,,
1505,D,"6'1""",205,Vlasic Marc-Edouard,32,Injured,1.0,10.0,Wrist,San Jose
1506,RW,"6'2""",214,Voracek Jakub,29,Injured,1.0,2.0,Lower body,Philadelphia
1507,C,"6'2""",206,Vorobyev Mikhail,22,Not Injured,,,,
1508,LW,"6'0""",197,Vrana Jakub,23,Not Injured,,,,
1509,RW,"6'0""",180,Vronneau Max,23,Not Injured,,,,
1510,LW,"6'1""",185,Wagner Austin,22,Injured,2.0,4.0,Lower body,Los Angeles
1511,LW,"6'1""",185,Wagner Austin,22,Injured,2.0,1.0,Upper body,Los Angeles
1512,RW,"6'0""",198,Wagner Chris,28,Injured,2.0,1.0,Lower body,Boston
1513,RW,"6'0""",198,Wagner Chris,28,Injured,2.0,2.0,Lower body,Boston
1514,D,"5'11""",161,Walcott Daniel,25,Not Injured,,,,
1515,D,"6'2""",190,Walford Scott,20,Not Injured,,,,
1516,C,"5'9""",186,Walker Nathan,25,Not Injured,,,,
1517,D,"5'11""",196,Walker Sean,24,Injured,1.0,2.0,Facial,Los Angeles
1518,C,"6'0""",178,Wallmark Lucas,23,Not Injured,,,,
1519,D,"6'1""",170,Walman Jake,23,Not Injured,,,,
1520,G,"6'1""",194,Ward Cam,35,Injured,1.0,4.0,Knee,Chicago
1521,RW,"6'1""",225,Ward Joel,38,Not Injured,,,,
1522,D,"5'9""",170,Warsofsky David,29,Not Injured,,,,
1523,LW,"6'4""",204,Watson Austin,27,Not Injured,,,,
1524,C,"5'10""",179,Weal Jordan,27,Not Injured,,,,
1525,D,"6'3""",198,Webb Reilly,20,Not Injured,,,,
1526,D,"6'4""",229,Weber Shea,33,Injured,1.0,24.0,Knee,Montreal
1527,D,"5'11""",200,Weber Yannick,30,Injured,1.0,1.0,Upper body,Nashville
1528,G,"6'2""",195,Wedgewood Scott,26,Not Injured,,,,
1529,D,"6'0""",200,Weegar MacKenzie,25,Injured,4.0,4.0,Concussion,Florida
1530,D,"6'0""",200,Weegar MacKenzie,25,Injured,4.0,4.0,Lower body,Florida
1531,D,"6'0""",200,Weegar MacKenzie,25,Injured,4.0,3.0,Shoulder,Florida
1532,D,"6'0""",200,Weegar MacKenzie,25,Injured,4.0,7.0,Upper body,Florida
1533,RW,"6'2""",206,Weise Dale,30,Not Injured,,,,
1534,D,"6'1""",201,Welinski Andy,26,Not Injured,,,,
1535,C,"6'2""",196,Wennberg Alexander,24,Not Injured,,,,
1536,D,"6'2""",209,Werenski Zachary,21,Not Injured,,,,
1537,G,"6'4""",198,Westerholm Niclas,21,Not Injured,,,,
1538,G,"5'10""",190,Wexler Ben,24,Not Injured,,,,
1539,RW,"6'5""",225,Wheeler Blake,32,Not Injured,,,,
1540,C,"6'0""",183,White Colin,22,Injured,2.0,5.0,Neck,Ottawa
1541,C,"6'0""",183,White Colin,22,Injured,2.0,5.0,Shoulder,Ottawa
1542,D,"6'1""",185,White Colton,22,Not Injured,,,,
1543,D,"5'10""",180,Wideman Chris,29,Injured,1.0,1.0,Lower body,Ottawa
1544,G,"6'0""",189,Wilcox Adam,26,Not Injured,,,,
1545,RW,"6'1""",184,Williams Justin,37,Not Injured,,,,
1546,C,"6'1""",221,Wilson Colin,29,Injured,3.0,1.0,Lower body,Colorado
1547,C,"6'1""",221,Wilson Colin,29,Injured,3.0,8.0,Shoulder,Colorado
1548,C,"6'1""",221,Wilson Colin,29,Injured,3.0,8.0,Upper body,Colorado
1549,LW,"6'2""",199,Wilson Garrett,28,Not Injured,,,,
1550,RW,"5'11""",183,Wilson Scott,27,Injured,1.0,43.0,Ankle,Buffalo
1551,RW,"6'4""",218,Wilson Tom,25,Not Injured,,,,
1552,C,"6'0""",200,Wingels Tommy,31,Not Injured,,,,
1553,LW,"6'2""",210,Winnik Daniel,34,Not Injured,,,,
1554,D,"6'2""",210,Witkowski Luke,29,Not Injured,,,,
1555,D,"6'2""",185,Wolanin Christian,24,Not Injured,,,,
1556,G,"6'3""",196,Woll Joseph,20,Not Injured,,,,
1557,LW,"6'2""",195,Wood Miles,23,Injured,3.0,12.0,Ankle,New Jersey
1558,LW,"6'2""",195,Wood Miles,23,Injured,3.0,4.0,Arm,New Jersey
1559,LW,"6'2""",195,Wood Miles,23,Injured,3.0,3.0,Lower body,New Jersey
1560,D,"6'2""",207,Wotherspoon Tyler,26,Not Injured,,,,
1561,D,"6'0""",190,Yakovlev Egor,27,Injured,1.0,2.0,Upper body,New Jersey
1562,D,"6'0""",190,Yakovlev Yegor,27,Not Injured,,,,
1563,RW,"5'11""",195,Yakupov Nail,25,Not Injured,,,,
1564,RW,"5'8""",153,Yamamoto Kailer,20,Injured,1.0,8.0,Upper body,Edmonton
1565,LW,"6'1""",184,Yan Dennis,22,Not Injured,,,,
1566,D,"6'1""",191,Yandle Keith,32,Not Injured,,,,
1567,C,"6'0""",185,Zablocki Lane,20,Not Injured,,,,
1568,C,"6'3""",210,Zacha Pavel,22,Injured,1.0,16.0,Upper body,New Jersey
1569,LW,"6'0""",196,Zadina Filip,19,Not Injured,,,,
1570,D,"6'5""",230,Zadorov Nikita,24,Injured,2.0,10.0,Lower body,Colorado
1571,D,"6'5""",230,Zadorov Nikita,24,Injured,2.0,1.0,Upper body,Colorado
1572,D,"6'2""",193,Zaitsev Nikita,27,Not Injured,,,,
1573,C,"6'2""",185,Zajac Travis,34,Injured,1.0,1.0,Lower body,New Jersey
1574,D,"6'0""",200,Zboril Jakub,22,Not Injured,,,,
1575,C,"6'0""",197,Zetterberg Henrik,38,Injured,1.0,82.0,Back,Detroit
1576,C,"6'2""",213,Zibanejad Mika,26,Not Injured,,,,
1577,RW,"5'8""",184,Zuccarello Mats,31,Injured,4.0,17.0,Arm,Dallas
1578,RW,"5'8""",184,Zuccarello Mats,31,Injured,4.0,1.0,Foot,NY Rangers
1579,RW,"5'8""",184,Zuccarello Mats,31,Injured,4.0,3.0,Groin,NY Rangers
1580,RW,"5'8""",184,Zuccarello Mats,31,Injured,4.0,7.0,Groin,NY Rangers
1581,LW,"5'11""",183,Zucker Jason,27,Not Injured,,,,
1582,C,"5'9""",175,Zummack Eli,19,Not Injured,,,,
1583,LW,"6'0""",200,Zykov Valentin,24,Not Injured,,,,
1584,D,"6'1""",195,de Haan Calvin,28,Injured,3.0,3.0,Eye,Carolina
1585,D,"6'1""",195,de Haan Calvin,28,Injured,3.0,2.0,Upper body,Carolina
1586,D,"6'1""",195,de Haan Calvin,28,Injured,3.0,3.0,Upper body,Carolina
1587,C,"6'3""",210,de la Rose Jacob,24,Not Injured,,,,
1588,LW,"6'3""",217,van Riemsdyk James,30,Injured,1.0,16.0,Lower body,Philadelphia
1589,D,"6'2""",192,van Riemsdyk Trevor,27,Not Injured,,,,
